course_id,university_id,subject_code,title,level,start_year,start_month,duration_years,location,entry_requirements,overview,modules,course_url
C_ICD003_01,IRL003,ACCOUNTING,BA (Hons) in Accounting & Finance (Top-up),Topup,2026,September,1 Year,Dublin City,"Level 7 Degree in Business/Accounting; IELTS 6.0","A one-year intensive programme for students with a professional accounting background to gain an honours degree.","Advanced Financial Accounting, Strategic Management Accounting, Corporate Governance",icd.ie/ba-hons-accounting-finance/
C_ACD004_01,IRL004,BUSINESS_ADMINISTRATION,BA (Hons) in Business (Top-up),Topup,2026,September,1 Year,Dublin Campus,"Level 7 Business Diploma; IELTS 6.0","Dual-accredited (US/Ireland) final year program focusing on international management.","International Business, Entrepreneurship, Strategic Management",acd.iamu.edu/programs/ba-honours-in-business/
C_GRI005_01,IRL005,BUSINESS_MANAGEMENT,BA (Hons) in Business (Top-up),Topup,2026,September,1 Year,Dublin Main Campus,"Level 7 Degree in Business/related; IELTS 6.0","A comprehensive final year to convert a level 7 diploma into a full Level 8 Honours degree.","Strategic Management, Business Plan, International Marketing",www.griffith.ie/courses/ba-hons-business-top-up
C_GRI005_02,IRL005,ACCOUNTING,BA (Hons) in Accounting and Finance (Top-up),Topup,2026,September,1 Year,Dublin Main Campus,"Level 7 in Accounting or equivalent; IELTS 6.0","Specialised final year focusing on professional accounting standards and financial strategy.","Advanced Financial Accounting, Audit and Assurance, Taxation",www.griffith.ie/courses/ba-hons-accounting-and-finance-top-up
C_GRI005_03,IRL005,COMPUTER_SCIENCE,BSc (Hons) in Computing (Top-up),Topup,2026,September,1 Year,Dublin Main Campus,"Level 7 in Computing/IT; IELTS 6.0","Advanced entry program for technical students looking to specialise in software or networks.","Distributed Systems, Mobile Development, Security and Cryptography",www.griffith.ie/courses/bsc-hons-computing-top-up
C_DBS006_01,IRL006,BUSINESS_MANAGEMENT,BA (Hons) in Business (Top-up),Topup,2026,September,1 Year,Aungier Street Dublin,"Level 7 in Business; IELTS 6.0","One-year intensive path to an honours degree with multiple specialisation options.","Strategic Management, Global Business, Ethics and Corporate Governance",www.dbs.ie/courses/ba-hons-business-top-up
C_DBS006_03,IRL006,MARKETING,BA (Hons) in Marketing (Top-up),Topup,2026,September,1 Year,Aungier Street Dublin,"Level 7 in Business/Marketing; IELTS 6.0","Specialized one-year top-up focusing on digital strategy and consumer behavior.","Services Marketing, Digital Media, Integrated Marketing Communications",www.dbs.ie/courses/ba-hons-marketing-top-up
C_DBS006_02,IRL006,PSYCHOLOGY,BA (Hons) in Psychology (Top-up),Topup,2026,September,1 Year,Aungier Street Dublin,"Level 7 in Psychology or related; IELTS 6.0","An add-on year for students to achieve an honours level qualification in psychological science.","Cognitive Psychology, Biological Psychology, Research Project",www.dbs.ie/courses/ba-hons-psychology-top-up
C_DKIT007_01,IRL007,COMPUTER_SCIENCE,BSc (Hons) in Computing (Top-up),Topup,2026,September,1 Year,Dundalk Campus,"Level 7 Computing degree; IELTS 6.0","The final year of the honours degree for students transitioning from ordinary degree programs.","Data Analytics, Artificial Intelligence, Agile Methodologies",www.dkit.ie/courses/bsc-hons-computing-add-on
C_DKIT007_02,IRL007,HOSPITALITY_MANAGEMENT,BA (Hons) in Hospitality Management (Top-up),Topup,2026,September,1 Year,Dundalk Campus,"Level 7 Hospitality/Tourism; IELTS 6.0","A specialized final year for managers in the hospitality and leisure sector.","Strategic Management, Financial Management, Applied Research Project",www.dkit.ie/courses/ba-hons-hospitality-management-add-on
C_UCC009_01,IRL009,NURSING,BSc (Hons) Nursing Studies (Top-up),Topup,2026,September,1 Year,Cork Campus,"Registered Nurse Qualification; IELTS 6.5","A post-registration degree for registered nurses to upgrade to a Level 8 Honours degree.","Research Methods, Nursing Management, Clinical Governance",www.ucc.ie/en/nursingstudies/
C_DOR010_01,IRL010,BUSINESS_MANAGEMENT,Bachelor of Business (Hons) (Top-up),Topup,2026,September,1 Year,Dublin Campus,"Level 7 Degree in Business; IELTS 6.0","A one-year add-on programme designed to enhance strategic thinking and management skills for global business.","Strategic Management, International Marketing, Financial Management",dorset.ie/business/ba-hons-business-top-up/
C_DOR010_02,IRL010,INTERNATIONAL_BUSINESS,BA (Hons) in International Business (Top-up),Topup,2026,September,1 Year,Dublin Campus,"Level 7 in Business or related; IELTS 6.0","Focused on global trade, logistics, and international market entry strategies.","Global Supply Chain Management, International Trade Law, Cross-Cultural Management",dorset.ie/business/ba-hons-international-business-top-up/
C_MTU012_01,IRL012,HOSPITALITY_MANAGEMENT,BA (Hons) in Hospitality Management (Add-on),Topup,2026,September,1 Year,Bishopstown Cork,"Level 7 in Hospitality or Tourism; IELTS 6.0","Prepares graduates for senior management roles within the international tourism and hospitality sector.","Strategic Hospitality Management, Revenue Management, Advanced Research Methods",www.mtu.ie/courses/ba-hons-hospitality-management-add-on
C_MTU012_02,IRL012,ACCOUNTING,BSc (Hons) in Accounting (Add-on),Topup,2026,September,1 Year,Bishopstown Cork,"Level 7 Degree in Accounting; IELTS 6.0","A professional-track final year providing exemptions from key professional accounting bodies.","Advanced Financial Accounting, Auditing, Strategic Performance Management",www.mtu.ie/courses/bsc-hons-accounting-add-on
C_MTU012_03,IRL012,COMPUTER_SCIENCE,BSc (Hons) in Software Development (Add-on),Topup,2026,September,1 Year,Bishopstown Cork,"Level 7 in Computing or Software; IELTS 6.0","Technical final year focusing on high-level software engineering and cloud systems.","Distributed Systems, Scalable Computing, Advanced Software Project",www.mtu.ie/courses/bsc-hons-software-development-add-on
C_ATU013_01,IRL013,COMPUTER_SCIENCE,BSc (Hons) in Computer Science (Add-on),Topup,2026,September,1 Year,Letterkenny Campus,"Level 7 in Computing; IELTS 6.0","A technical final year focused on emerging technologies and software engineering.","Distributed Systems, AI, Mobile App Development",www.atu.ie/courses/bsc-hons-computer-science-add-on
C_ATU013_02,IRL013,BUSINESS_MANAGEMENT,BA (Hons) in Business (Add-on),Topup,2026,September,1 Year,Letterkenny Campus,"Level 7 Business Degree; IELTS 6.0","Develops leadership and strategy skills for modern management roles.","Strategic Management, International Business, Corporate Governance",www.atu.ie/courses/ba-hons-business-add-on
C_ATU013_03,IRL013,TOURISM_MANAGEMENT,BA (Hons) in Tourism Management (Add-on),Topup,2026,September,1 Year,Killybegs Campus,"Level 7 Tourism/Hospitality; IELTS 6.0","Advanced management training for leadership roles in global tourism.","Tourism Policy, Strategic Marketing, Sustainability",www.atu.ie/courses/ba-hons-tourism-management-add-on
C_CCT014_01,IRL014,COMPUTER_SCIENCE,BSc (Hons) in Computing & IT (Add-on),Topup,2026,September,1 Year,Dublin City Centre,"Level 7 in IT/Computing; IELTS 6.0","Practical final year focusing on cloud and networking technologies.","Cloud Computing, Network Security, IT Project Management",www.cct.ie/computing/bsc-hons-computing-it-topup/
C_IADT019_01,IRL019,DESIGN,BA (Hons) in Graphic Design (Add-on),Topup,2026,September,1 Year,Dun Laoghaire Dublin,"Level 7 in Design; Portfolio; IELTS 6.0","Intensive studio-based year for designers to attain an honours level.","Advanced Typography, Brand Identity, Professional Practice",iadt.ie/courses/graphic-design-add-on/
C_NCI021_01,IRL021,BUSINESS_MANAGEMENT,BA (Hons) in Business (Top-up),Topup,2026,September,1 Year,IFSC Dublin,"Level 7 Degree in Business; IELTS 6.0","Final year honours degree located in the heart of Dublin's financial district.","Strategic Management, Contemporary Business Issues, Research Methods",www.ncirl.ie/Courses/BA-Honours-in-Business-Top-Up
C_ATU022_01,IRL022,QUANTITY_SURVEYING,BSc (Hons) in Quantity Surveying (Add-on),Topup,2026,September,1 Year,Galway Campus,"Level 7 in Construction/QS; IELTS 6.0","Professional-track final year for Chartered Quantity Surveyor accreditation.","Cost Management, Construction Law, Estimating",www.atu.ie/courses/bsc-hons-quantity-surveying-add-on
C_SET023_01,IRL023,MECHANICAL_ENGINEERING,BEng (Hons) in Mechanical Engineering (Add-on),Topup,2026,September,1 Year,Waterford Campus,"Level 7 Mechanical Engineering; IELTS 6.0","Advanced engineering principles and design project for technical honours.","Heat Transfer, Mechanical Design, Engineering Project",www.setu.ie/courses/beng-hons-mechanical-engineering-add-on
C_SET023_02,IRL023,ACCOUNTING,BA (Hons) in Accounting (Add-on),Topup,2026,September,1 Year,Waterford Campus,"Level 7 Accounting; IELTS 6.0","Final year focusing on strategic financial reporting and professional exemptions.","Strategic Financial Management, Taxation, Auditing",www.setu.ie/courses/ba-hons-accounting-add-on
C_SET023_03,IRL023,SOCIAL_CARE,BA (Hons) in Social Care Practice (Add-on),Topup,2026,September,1 Year,Waterford/Carlow,"Level 7 Social Care; IELTS 6.0","A critical add-on year for professional CORU registration eligibility.","Social Policy, Legal Studies, Social Care Ethics",www.setu.ie/courses/ba-hons-social-care-add-on
C_TUS026_01,IRL026,CREATIVE_MEDIA,BA (Hons) in Digital Animation (Add-on),Topup,2026,September,1 Year,Athlone Campus,"Level 7 Animation/Media; IELTS 6.0","Studio-based final year for animators to complete their honours degree.","3D Modelling, Compositing, Portfolio Development",www.tus.ie/courses/ba-hons-digital-animation-add-on
C_TUS026_02,IRL026,CIVIL_ENGINEERING,BSc (Hons) in Civil Engineering (Add-on),Topup,2026,September,1 Year,Limerick Campus,"Level 7 Civil Engineering; IELTS 6.0","Technical management and advanced structural design for civil engineers.","Structural Analysis, Water Engineering, Geotechnical Engineering",www.tus.ie/courses/bsc-hons-civil-engineering-add-on
C_TUS026_03,IRL026,EARLY_CHILDHOOD,BA (Hons) in Early Childhood Education (Add-on),Topup,2026,September,1 Year,Midlands Campus,"Level 7 Early Childhood; IELTS 6.0","Advanced pedagogy and leadership training for the early years sector.","Leadership in ECE, Inclusive Practice, Child Protection",www.tus.ie/courses/ba-hons-early-childhood-add-on
C_TUD027_01,IRL027,COMPUTER_SCIENCE,BSc (Hons) in Computing (Add-on),Topup,2026,September,1 Year,Grangegorman Campus,"Level 7 Computing Degree; IELTS 6.0","Specialized final year in advanced computing systems at Ireland's largest TU.","Distributed Systems, Scalable Computing, Project",www.tudublin.ie/courses/bsc-hons-computing-add-on
C_TUD027_02,IRL027,DIGITAL_MARKETING,BSc (Hons) in Digital Marketing (Add-on),Topup,2026,September,1 Year,Tallaght Campus,"Level 7 Marketing/Business; IELTS 6.0","Strategic application of digital tools in modern marketing campaigns.","Data Analytics, Campaign Planning, Social Media Strategy",www.tudublin.ie/courses/bsc-hons-digital-marketing-add-on
C_TUD027_03,IRL027,CONSTRUCTION,BSc (Hons) in Construction Management (Add-on),Topup,2026,September,1 Year,Dublin Campus,"Level 7 Construction; IELTS 6.0","Prepares site managers for senior project leadership roles.","Project Management, Construction Law, Building Economics",www.tudublin.ie/courses/bsc-hons-construction-management-add-on
C_ABE001_01,UK001,COMPUTER_SCIENCE,BSc (Hons) Computing (Top-up),Topup,2026,September,1 Year,Dundee Campus,"Level 5 HND; IELTS 6.0","Bridge programme to convert technical diplomas into a full honours degree.","Advanced Software Development, Network Security, Honours Project",www.abertay.ac.uk/courses/bsc-hons-computing/
C_ABE001_02,UK001,BUSINESS_MANAGEMENT,BA (Hons) Business Management (Top-up),Topup,2026,September,1 Year,Dundee Campus,"Level 5 HND; IELTS 6.0","Focused on strategic leadership and operational excellence.","Strategic Management, International Marketing, HRM",www.abertay.ac.uk/courses/ba-hons-business-management/
C_ABE002_01,UK002,BUSINESS_MANAGEMENT,BA (Hons) Business and Management (Top-up),Topup,2026,September,1 Year,Aberystwyth Campus,"Level 5 HND/Diploma; IELTS 6.0","Intensive path to an honours degree focusing on strategic leadership.","Strategic Management, Marketing Management, Corporate Governance",www.aber.ac.uk/en/undergrad/courses/business-management-top-up/
C_ARU003_01,UK003,BUSINESS_MANAGEMENT,BSc (Hons) Business and Management (Top-up),Topup,2026,September,1 Year,Cambridge Campus,"Level 5 HND/FD; IELTS 6.0","Enhances management skills and strategic thinking for professionals.","Strategic Management, Sustainable Business, Marketing Communications",www.aru.ac.uk/study/undergraduate/business-and-management-top-up
C_ARU003_02,UK003,NURSING,BSc (Hons) International Nursing (Top-up),Topup,2026,September,1 Year,Chelmsford Campus,"Registered Nurse; IELTS 6.5","Designed for international nurses to upgrade to a UK BSc Honours degree.","Clinical Governance, Evidence Based Practice, Leadership",www.aru.ac.uk/study/undergraduate/international-nursing-top-up
C_ARD004_01,UK004,BUSINESS_MANAGEMENT,BA (Hons) Business Management (Top-up),Topup,2026,September,1 Year,Birmingham Campus,"Level 5 HND; IELTS 6.0","Flexible, industry-led final year focusing on management competencies.","Project Management, Contemporary Management, Strategic Management",arden.ac.uk/our-courses/undergraduate/top-up-degrees/ba-hons-business-management-top-up
C_AUP006_01,UK006,DESIGN,BA (Hons) Graphic Design (Top-up),Topup,2026,September,1 Year,Plymouth Campus,"Level 5 HND; Portfolio; IELTS 6.0","Refines professional practice and studio expertise for honours degree.","Professional Practice, Studio Project, Dissertation",www.aup.ac.uk/courses/ba-hons-graphic-design-top-up
C_AST007_01,UK007,BUSINESS_ADMINISTRATION,BSc (Hons) Business Administration (Top-up),Topup,2026,September,1 Year,Birmingham Campus,"Level 5 HND; IELTS 6.5","Specialist final year at a triple-accredited business school.","Strategic Management, Operations, International Business",www.aston.ac.uk/study/courses/business-administration-top-up-bsc
C_BAN008_01,UK008,BUSINESS_MANAGEMENT,BA (Hons) Business and Management (Top-up),Topup,2026,September,1 Year,Bangor Campus,"Level 5 HND; IELTS 6.0","Focuses on global management and organizational strategy.","Research Methods, Global Marketing, Strategic Management",www.bangor.ac.uk/courses/undergraduate/n101-business-and-management-top-up
C_BSU009_01,UK009,BUSINESS_MANAGEMENT,BA (Hons) Business and Management (Top-up),Topup,2026,September,1 Year,Newton Park Campus,"Level 5 HND; IELTS 6.0","Develops strategic leadership and professional management skills.","Strategic Management, Business Strategy, International Marketing",www.bathspa.ac.uk/courses/ug-business-and-management-top-up/
C_BIM010_01,UK010,MUSIC,BA (Hons) Creative Music Production (Top-up),Topup,2026,September,1 Year,London Campus,"Level 5 Diploma; IELTS 6.0","Specialist final year for music producers to reach honours level.","Major Project, Professional Portfolio, Industry Strategy",www.bimm.ac.uk/courses/ba-hons-creative-music-production-top-up/
C_BIM010_02,UK010,MUSIC,BA (Hons) Music Business (Top-up),Topup,2026,September,1 Year,London Campus,"Level 5 Diploma; IELTS 6.0","Specialist final year for music industry professionals.","Business Strategy, Entrepreneurship, Professional Portfolio",www.bimm.ac.uk/courses/ba-hons-music-business-top-up/
C_BIR011_01,UK011,BUSINESS_MANAGEMENT,BA (Hons) Business Management (Top-up),Topup,2026,September,1 Year,London Campus,"Level 5 HND/FD; IELTS 6.5","Evening-based flexible top-up for working professionals in London.","Management Theory, Global Business, Research Project",www.bbk.ac.uk/courses/undergraduate/business-management-top-up
C_BCU012_01,UK012,BUSINESS_MANAGEMENT,BA (Hons) International Business (Top-up),Topup,2026,September,1 Year,City Centre Campus,"Level 5 Diploma; IELTS 6.0","Focuses on global operations and international marketing strategies.","Global Business Strategy, International Marketing, Cross-Cultural Management",www.bcu.ac.uk/courses/international-business-top-up-ba-hons
C_NEW013_01,UK013,EDUCATION,BA (Hons) Early Childhood Education (Top-up),Topup,2026,September,1 Year,Birmingham Campus,"Level 5 Early Years; IELTS 6.0","Professional year to upgrade from Foundation Degree to Honours.","Research in Education, Safeguarding, Leadership in Early Years",www.newman.ac.uk/course/early-childhood-education-top-up/
C_BOU014_01,UK014,BUSINESS_MANAGEMENT,BA (Hons) Business & Management (Top-up),Topup,2026,September,1 Year,Talbot Campus,"Level 5 HND; IELTS 6.0","Converts a foundation degree into a BA honours degree.","Contemporary Issues, Strategic Management, Dissertation",www.bournemouth.ac.uk/study/courses/ba-hons-business-management-top
C_BNU016_01,UK016,BUSINESS_MANAGEMENT,BA (Hons) Business Management (Top-up),Topup,2026,September,1 Year,High Wycombe Campus,"Level 5 HND; IELTS 6.0","Career-focused year for strategic leadership and management.","Strategic Management, Business Plan, International Marketing",www.bnu.ac.uk/courses/undergraduate/ba-hons-business-management-top-up
C_CCC017_02,UK017,BUSINESS_MANAGEMENT,BSc (Hons) Business Management (Top-up),Topup,2026,September,1 Year,Canterbury Campus,"Level 5 HND; IELTS 6.0","Focuses on contemporary business challenges and innovation.","Strategic Management, International Marketing, Applied Project",www.canterbury.ac.uk/study-here/courses/undergraduate/business-management-top-up
C_CCC017_03,UK017,NURSING,BSc (Hons) International Nursing (Top-up),Topup,2026,September,1 Year,Canterbury Campus,"Registered Nurse; IELTS 6.5","Designed for international nurses to gain a UK Honours degree.","Clinical Leadership, Research Methods, Global Health",www.canterbury.ac.uk/study-here/courses/undergraduate/international-nursing-top-up
C_CMU018_01,UK018,BANKING_AND_FINANCE,BSc (Hons) International Banking & Finance (Top-up),Topup,2026,September,1 Year,Llandaff Campus,"Level 5 Finance; IELTS 6.0","Focused on global financial markets and investment analysis.","International Finance, Investment Concepts, Portfolio Management",www.cardiffmet.ac.uk/courses/undergraduate/bsc-international-banking-and-finance-top-up
C_COV021_01,UK021,BUSINESS_MANAGEMENT,BA (Hons) Business Management & Leadership (Top-up),Topup,2026,September,1 Year,Coventry Campus,"Level 5 HND/Diploma; IELTS 6.0","A final year to develop high-level leadership skills and strategic business awareness.","Strategic Management, Leadership and Change, Marketing Strategy",www.coventry.ac.uk/cuc/study/top-up-degrees/business-management-leadership
C_COV021_02,UK021,CYBER_SECURITY,BSc (Hons) Cloud Computing (Top-up),Topup,2026,September,1 Year,Coventry Campus,"Level 5 in Computing; IELTS 6.0","Focused on cloud infrastructure, deployment models, and secure cloud environments.","Cloud Infrastructure, Secure Systems, Distributed Systems",www.coventry.ac.uk/cuc/study/top-up-degrees/cloud-computing
C_COV021_03,UK021,NURSING,BSc (Hons) Nursing Studies (Top-up),Topup,2026,September,1 Year,Coventry Campus,"Nursing Diploma; RN status; IELTS 6.5","A post-registration degree for international nurses to enhance clinical leadership.","Evidence-based Practice, Clinical Leadership, Health Assessment",www.coventry.ac.uk/course-structure/ug/top-up/nursing-studies-bsc-hons-top-up/
C_DMU023_01,UK023,BUSINESS_ADMINISTRATION,BA (Hons) Business Administration and Management (Top-up),Topup,2026,September,1 Year,Leicester Campus,"Level 5 HND in Business; IELTS 6.0","A globally-focused final year designed to refine management expertise.","Strategic Management, Global Business Issues, Creative Management",www.dmu.ac.uk/study/courses/ba-hons-business-administration-and-management-top-up
C_DMU023_02,UK023,COMPUTER_SCIENCE,BSc (Hons) Computing (Top-up),Topup,2026,September,1 Year,Leicester Campus,"Level 5 HND Computing; IELTS 6.0","Advanced entry to complete an honours degree with a focus on current computing trends.","Advanced Software Development, Database Systems, Computer Ethics",www.dmu.ac.uk/study/courses/bsc-hons-computing-top-up
C_DMU023_03,UK023,ARTS_MANAGEMENT,BA (Hons) Global Arts Management (Top-up),Topup,2026,September,1 Year,Leicester Campus,"Level 5 in Arts/Design; IELTS 6.0","Specialist management training for the creative and cultural industries.","Strategic Arts Management, Cultural Policy, Creative Enterprise",www.dmu.ac.uk/study/courses/undergraduate-courses/global-arts-management-top-up/
C_EHU024_01,UK024,BUSINESS_MANAGEMENT,BA (Hons) Business Management (Top-up),Topup,2026,September,1 Year,Ormskirk Campus,"Level 5 HND/Foundation Degree; IELTS 6.0","Professional final year focused on strategic leadership and global enterprise.","Strategic Management, Contemporary Management Issues, Research Project",www.edgehill.ac.uk/courses/business-management-top-up
C_EHU024_02,UK024,EDUCATION,BA (Hons) Early Years Leadership (Top-up),Topup,2026,September,1 Year,Ormskirk Campus,"Level 5 in Early Years; IELTS 6.0","Enhances leadership and management skills within early years educational settings.","Leadership in Early Years, Professional Practice, Dissertation",www.edgehill.ac.uk/courses/early-years-leadership-top-up
C_ENU025_01,UK025,BUSINESS_MANAGEMENT,BA (Hons) Business Management (Top-up),Topup,2026,September,1 Year,Craiglockhart Campus,"Level 5 HND; IELTS 6.0","Intensive final year providing a global perspective on management and innovation.","Strategic Management, International Marketing, Managing Innovation",www.napier.ac.uk/courses/ba-hons-business-management-top-up
C_ENU025_02,UK025,COMPUTER_SCIENCE,BSc (Hons) Computing (Top-up),Topup,2026,September,1 Year,Merchiston Campus,"Level 5 HND in Computing; IELTS 6.0","Advanced entry program focusing on software engineering and information systems.","Software Engineering, Information Systems Strategy, Honours Project",www.napier.ac.uk/courses/bsc-hons-computing-top-up
C_ENU025_03,UK025,NURSING,BSc Nursing Studies (Top-up),Topup,2026,September,1 Year,Online,"Diploma in Nursing; IELTS 6.0","Flexible top-up for registered nurses to advance clinical knowledge.","Advancing Practice, Leadership in Health, Chronic Disease Management",www.napier.ac.uk/courses/bsc-nursing-studies-global-online-undergraduate-online-learning
C_FAL026_01,UK026,CREATIVE_WRITING,BA (Hons) Creative Writing (Top-up),Topup,2026,September,1 Year,Falmouth Campus,"Level 5 in related field; Portfolio; IELTS 6.5","A specialist final year for writers to produce a major professional manuscript.","Professional Portfolio, Creative Research, Major Project",www.falmouth.ac.uk/study/undergraduate/creative-writing-top-up
C_GCU027_01,UK027,BUSINESS_MANAGEMENT,BA (Hons) Business Management (Top-up),Topup,2026,September,1 Year,Glasgow Campus,"Level 5 HND Business; IELTS 6.0","A comprehensive final year in international business strategy and ethics.","International Management, Ethics and Sustainability, Honours Dissertation",www.gcu.ac.uk/study/courses/ba-hons-business-management-top-up
C_HAU029_01,UK029,AGRICULTURE,BSc (Hons) Agriculture (Top-up),Topup,2026,September,1 Year,Newport Campus,"Foundation Degree/HND Agriculture; IELTS 6.0","Specialist top-up for technical agriculturalists moving into strategic management.","Farm Strategic Management, Sustainable Crop Production, Honours Project",www.harper-adams.ac.uk/courses/undergraduate/bsc-hons-agriculture-top-up
C_HAR030_01,UK030,SPORTS_SCIENCE,BSc (Hons) Sports Coaching (Top-up),Topup,2026,September,1 Year,Gloucester Campus,"Level 5 in Sports; IELTS 6.0","Refines coaching philosophy and performance analysis at an honours level.","High Performance Coaching, Sports Analytics, Honours Dissertation",www.hartpury.ac.uk/courses/undergraduate/bsc-hons-sports-coaching-top-up
C_HSU031_01,UK031,HEALTHCARE,BSc (Hons) Health Sciences (Top-up),Topup,2026,September,1 Year,Bournemouth Campus,"Level 5 in Health/Science; IELTS 6.0","Multidisciplinary final year for health professionals to gain an honours degree.","Evidence-based Practice, Health Promotion, Research Project",www.hsu.ac.uk/courses/bsc-health-sciences-top-up
C_HWU032_01,UK032,BUSINESS,BA (Hons) Business Administration (Top-up),Topup,2026,September,1 Year,Edinburgh Campus,"Level 5 HND Business; IELTS 6.0","Focuses on global management, operations, and strategic decision-making.","Strategic Management, Project Management, Business Ethics",www.hw.ac.uk/study/undergraduate/business-administration-top-up.htm
C_KEE033_01,UK033,NURSING,BSc (Hons) Nursing Studies (Top-up),Topup,2026,September,1 Year,Keele Campus,"Diploma in Nursing; IELTS 6.5","Designed for registered nurses to transition to an honours degree.","Leadership in Nursing, Clinical Research, Health Policy",www.keele.ac.uk/study/undergraduate/nursing-studies-top-up
C_KIN035_01,UK035,BUSINESS_MANAGEMENT,BA (Hons) Business Management (Top-up),Topup,2026,September,1 Year,Kingston Hill Campus,"Level 5 HND/Foundation Degree; IELTS 6.0","A specialist final year designed for strategic management roles.","Strategic Management, International Marketing, Global Business Issues",www.kingston.ac.uk/undergraduate/courses/business-management-top-up
C_KIN035_02,UK035,COMPUTER_SCIENCE,BSc (Hons) Computing (Top-up),Topup,2026,September,1 Year,Penrhyn Road Campus,"Level 5 HND in Computing; IELTS 6.0","Focuses on software engineering and information systems management.","Individual Project, Advanced Software Engineering, IT Management",www.kingston.ac.uk/undergraduate/courses/computing-top-up
C_LBU038_01,UK038,HOSPITALITY_MANAGEMENT,BA (Hons) International Hospitality Management (Top-up),Topup,2026,September,1 Year,City Campus,"Level 5 HND; IELTS 6.0","Prepares graduates for leadership roles in global hospitality.","Strategic Hospitality Management, Financial Management, Research Project",www.leedsbeckett.ac.uk/courses/international-hospitality-management-top-up
C_LBU038_02,UK038,MARKETING,BA (Hons) Marketing (Top-up),Topup,2026,September,1 Year,City Campus,"Level 5 HND Marketing/Business; IELTS 6.0","Advanced marketing strategy focus for diploma holders.","Strategic Marketing, Consumer Behaviour, Digital Marketing",www.leedsbeckett.ac.uk/courses/marketing-top-up
C_LTU039_01,UK039,BUSINESS_MANAGEMENT,BA (Hons) Business and Management (Top-up),Topup,2026,September,1 Year,Horsforth Campus,"Level 5 HND; IELTS 6.0","Designed to bridge to an honours degree with a focus on ethical leadership.","Business Strategy, Management and Leadership, Professional Development",www.leedstrinity.ac.uk/courses/business-and-management-top-up
C_BGU040_01,UK040,EDUCATION,BA (Hons) Education Studies (Top-up),Topup,2026,September,1 Year,Lincoln Campus,"Level 5 in Education/Early Years; IELTS 6.0","Professional final year to upgrade a foundation degree into a full honours.","Contemporary Issues in Education, Research Methods, Dissertation",www.lincolnbishop.ac.uk/courses/ba-hons-education-studies-top-up
C_LHU041_01,UK041,BUSINESS_MANAGEMENT,BA (Hons) Business Management (Top-up),Topup,2026,September,1 Year,Hope Park Campus,"Level 5 HND/Diploma; IELTS 6.0","Advanced insights into global management and professional ethics.","Strategic Management, International Marketing, Honours Project",www.hope.ac.uk/undergraduate/undergraduatecourses/businessmanagementtopup
C_LJM042_01,UK042,BUSINESS_ADMINISTRATION,BA (Hons) Business Administration (Top-up),Topup,2026,September,1 Year,Mount Pleasant Campus,"Level 5 HND/Foundation Degree; IELTS 6.0","Focused on management practice in a global corporate context.","Strategic Management, Global Business Environment, Business Project",www.ljmu.ac.uk/study/courses/undergraduate/business-administration-top-up
C_LJM042_02,UK042,QUANTITY_SURVEYING,BSc (Hons) Quantity Surveying (Top-up),Topup,2026,September,1 Year,Byrom Street Campus,"Level 5 HND Construction; IELTS 6.0","Professional-track program for RICS-aligned accreditation.","Construction Law, Procurement and Tendering, Measurement",www.ljmu.ac.uk/study/courses/undergraduate/quantity-surveying-top-up
C_LJM042_03,UK042,NURSING,BSc (Hons) Nursing Studies (Top-up),Topup,2026,September,1 Year,Mount Pleasant Campus,"Diploma in Nursing; IELTS 6.5","Advanced nursing practice and leadership for international nurses.","Research Methods, Leadership in Health, Clinical Excellence",www.ljmu.ac.uk/study/courses/undergraduate/nursing-studies-top-up
C_LMU045_01,UK045,BUSINESS_MANAGEMENT,BA (Hons) Business Management (Top-up),Topup,2026,September,1 Year,Holloway Campus,"Level 5 HND Business; IELTS 6.0","Strategic management skills for existing business diploma holders.","Strategic Management, Marketing Strategy, Business Ethics",www.londonmet.ac.uk/courses/undergraduate/business-management-top-up
C_LSB046_01,UK046,COMPUTER_SCIENCE,BSc (Hons) Computer Science (Top-up),Topup,2026,September,1 Year,Southwark Campus,"Level 5 HND Computing; IELTS 6.0","Advanced software development, AI, and data engineering.","Advanced Software Engineering, Artificial Intelligence, Honours Project",www.lsbu.ac.uk/study/course-finder/computer-science-top-up-bsc
C_LSB046_02,UK046,ENGINEERING,BSc (Hons) Electrical and Electronic Engineering (Top-up),Topup,2026,September,1 Year,Southwark Campus,"HND Level 5 Engineering; IELTS 6.0","Accredited route towards Incorporated Engineer (IEng) status.","Control Systems, Digital Signal Processing, Engineering Project",www.lsbu.ac.uk/study/course-finder/electrical-and-electronic-engineering-top-up
C_MMU047_01,UK047,BUSINESS_ADMINISTRATION,BA (Hons) Business Administration and Management (Top-up),Topup,2026,September,1 Year,Manchester Campus,"Level 5 HND Business; IELTS 6.0","Refines leadership and strategy skills for global environments.","Global Governance and Strategy, Entrepreneurial Practice, Project Management",www.mmu.ac.uk/study/undergraduate/course/ba-business-administration-and-management-top-up
C_MDX048_01,UK048,BUSINESS_MANAGEMENT,BA (Hons) Business Management (Top-up),Topup,2026,September,1 Year,Hendon Campus,"Level 5 HND Business; IELTS 6.0","Strategic overview of management and decision-making.","Operations Management, Talent Management, Sustainability",www.mdx.ac.uk/courses/undergraduate/business-management-2-year-top-up-ba/
C_MDX048_02,UK048,FINANCE,BSc (Hons) Financial Services (Top-up),Topup,2026,September,1 Year,Hendon Campus,"Level 5 HND Finance; IELTS 6.0","Specialist training in financial data analysis and regulation.","Financial Data Analysis, Applied Trading, International Finance",www.mdx.ac.uk/courses/undergraduate/financial-services-top-up-bsc-honours/
C_NEU050_01,UK050,BUSINESS_MANAGEMENT,BA (Hons) Business Management (Top-up),Topup,2026,September,1 Year,London Campus,"Level 5 HND/Foundation Degree; IELTS 6.0","Strategic management within a London-focused business hub.","Digital Business, Strategic Leadership, Global Marketing",www.nulondon.ac.uk/study/undergraduate/business-management-top-up/
C_NUA051_01,UK051,DESIGN,BA (Hons) Graphic Design (Top-up),Topup,2026,September,1 Year,Norwich Campus,"Level 5 in Design; Portfolio; IELTS 6.0","Studio-based final year for designers to refine their practice.","Professional Practice, Studio Project, Research Report",www.norwichuni.ac.uk/study-at-nua/courses/ba-hons-graphic-design-top-up/
C_NUA051_02,UK051,ARTS,BA (Hons) Acting (Top-up),Topup,2026,September,1 Year,Norwich Campus,"Level 5 in Performing Arts; Audition; IELTS 6.0","Performance-led final year bridging vocational training and professional acting.","Performance Project, Industry Preparation, Creative Research",www.norwichuni.ac.uk/study-at-nua/courses/ba-hons-acting-top-up/
C_NTU052_01,UK052,BUSINESS_MANAGEMENT,BA (Hons) Business (Top-up),Topup,2026,September,1 Year,City Campus,"Level 5 HND/Foundation Degree; IELTS 6.0","Provides a strategic overview of business operations and leadership.","Strategic Management, Contemporary Issues in Business, Dissertation",www.ntu.ac.uk/course/business-top-up
C_NTU052_02,UK052,INTERNATIONAL_BUSINESS,BA (Hons) International Business (Top-up),Topup,2026,September,1 Year,City Campus,"Level 5 HND Business; IELTS 6.0","Focused on global markets and international trade strategies.","Global Strategic Management, International Marketing, Honours Project",www.ntu.ac.uk/course/international-business-top-up
C_NTU052_03,UK052,EDUCATION,BA (Hons) Education (Top-up),Topup,2026,September,1 Year,Clifton Campus,"Level 5 Education/Early Years; IELTS 6.0","Upgrade a diploma to a full honours degree in education.","Educational Policy, Inclusive Practice, Research Project",www.ntu.ac.uk/course/education-top-up
C_OXB053_01,UK053,BUSINESS_MANAGEMENT,BA (Hons) Business and Management (Top-up),Topup,2026,September,1 Year,Headington Campus,"Level 5 HND Business; IELTS 6.0","Convert a diploma into an honours degree at a top modern university.","Strategic Management, International Business, Applied Management Project",www.brookes.ac.uk/courses/undergraduate/business-and-management-top-up
C_OXB053_02,UK053,HEALTHCARE,BSc (Hons) Nursing Studies (Top-up),Topup,2026,September,1 Year,Headington Campus,"Nursing Diploma; RN Status; IELTS 6.5","Develop clinical leadership and research skills for registered nurses.","Leadership in Nursing, Evidence-based Practice, Clinical Excellence",www.brookes.ac.uk/courses/undergraduate/nursing-studies-top-up
C_QMU054_01,UK054,HOSPITALITY_MANAGEMENT,BA (Hons) International Hospitality and Tourism Management (Top-up),Topup,2026,September,1 Year,Edinburgh Campus,"Level 5 HND/Diploma; IELTS 6.0","Strategic management in the service sector and tourism policy.","Strategic Management, Tourism and International Development, Honours Project",www.qmu.ac.uk/study-here/undergraduate-study/2026/ba-hons-international-hospitality-and-tourism-management-top-up/
C_RAV057_01,UK057,DESIGN,BA (Hons) Graphic Design (Top-up),Topup,2026,September,1 Year,North Greenwich Campus,"Level 5 HND/Diploma; Portfolio; IELTS 6.0","High-end creative final year using industry-standard digital tools.","Professional Practice, Major Project, Design Thinking",www.ravensbourne.ac.uk/study-here/undergraduate/ba-hons-graphic-design-top-up
C_RAV057_02,UK057,DIGITAL_MARKETING,BA (Hons) Digital Marketing (Top-up),Topup,2026,September,1 Year,North Greenwich Campus,"Level 5 in Media/Business; IELTS 6.0","Focused on data-driven marketing and creative digital content.","Digital Campaign Planning, Data Analytics, Strategic Marketing",www.ravensbourne.ac.uk/study-here/undergraduate/ba-hons-digital-marketing-top-up
C_ROE059_01,UK059,BUSINESS_MANAGEMENT,BA (Hons) Business Management (Top-up),Topup,2026,September,1 Year,Main Campus London,"Level 5 HND/Diploma; IELTS 6.0","Convert a diploma into an honours degree in a supportive campus.","Strategic Management, Global Business, Research Methods",www.roehampton.ac.uk/undergraduate-courses/business-management-top-up
C_RAU060_01,UK060,AGRICULTURE,BSc (Hons) Agriculture (Top-up),Topup,2026,September,1 Year,Cirencester Campus,"Foundation Degree/HND Agriculture; IELTS 6.0","Specialist final year focusing on strategic management and sustainability.","Farm Strategic Management, Sustainable Production, Honours Project",www.rau.ac.uk/study/undergraduate/courses/bsc-hons-agriculture-top-up
C_SHU062_01,UK062,BUSINESS_MANAGEMENT,BA (Hons) Business Management (Top-up),Topup,2026,September,1 Year,City Campus,"Level 5 HND; IELTS 6.0","Applied final year focusing on global business challenges.","Strategic Management, Contemporary Issues in Business, Applied Project",www.shu.ac.uk/courses/business-and-management/ba-hons-business-management-top-up
C_SHU062_02,UK062,HOSPITALITY_MANAGEMENT,BA (Hons) International Hospitality Management (Top-up),Topup,2026,September,1 Year,City Campus,"Level 5 HND Hospitality; IELTS 6.0","Management training for the global service and luxury hospitality sector.","Strategic Hospitality Management, Revenue Management, Research Project",www.shu.ac.uk/courses/hospitality-management/ba-hons-international-hospitality-management-top-up
C_SHU062_03,UK062,NURSING,BSc (Hons) Nursing Studies (Top-up),Topup,2026,September,1 Year,Collegiate Campus,"Nursing Diploma; RN Status; IELTS 6.5","Enables registered nurses to top up to a full honours degree.","Evidence-based Practice, Leadership in Health, Dissertation",www.shu.ac.uk/courses/nursing-and-midwifery/bsc-hons-nursing-studies-top-up
C_SOL064_01,UK064,BUSINESS_MANAGEMENT,BA (Hons) Business Management (Top-up),Topup,2026,September,1 Year,Southampton Campus,"Level 5 HND/FD; IELTS 6.0","Practical final year focusing on leadership in global markets.","Strategic Management, Contemporary Business Issues, Individual Project",www.solent.ac.uk/courses/undergraduate/business-management-ba-top-up
C_SOL064_02,UK064,COMPUTER_SCIENCE,BSc (Hons) Computing (Top-up),Topup,2026,September,1 Year,Southampton Campus,"Level 5 in Computing; IELTS 6.0","Advanced skills in software and systems for technical diploma holders.","Advanced Software Engineering, Information Systems Strategy, Final Project",www.solent.ac.uk/courses/undergraduate/computing-bsc-top-up
C_TEE069_01,UK069,BUSINESS_MANAGEMENT,BA (Hons) Business Management (Top-up),Topup,2026,September,1 Year,Middlesbrough Campus,"Level 5 HND Business; IELTS 6.0","Focused on strategic leadership and innovation.","Strategic Management, International Marketing, Management Project",www.tees.ac.uk/undergraduate_courses/business_management_&_marketing/ba_(hons)_business_management_(top-up)
C_TEE069_02,UK069,COMPUTER_SCIENCE,BSc (Hons) Computing (Top-up),Topup,2026,September,1 Year,Middlesbrough Campus,"Level 5 HND Computing; IELTS 6.0","Technical final year to bridge into a full honours degree.","Advanced Software Development, Project Management, Honours Project",www.tees.ac.uk/undergraduate_courses/computing_&_web/bsc_(hons)_computing_(top-up)
C_RGU070_01,UK070,BUSINESS_MANAGEMENT,BA (Hons) Business Management (Top-up),Topup,2026,September,1 Year,Aberdeen Campus,"Level 5 HND Business; IELTS 6.0","Develops strategic leadership for college-based backgrounds.","Strategic Management, International Marketing, Honours Dissertation",www.rgu.ac.uk/study/courses/ba-hons-business-management-top-up
C_RGU070_02,UK070,COMPUTER_SCIENCE,BSc (Hons) Computer Science (Top-up),Topup,2026,September,1 Year,Aberdeen Campus,"Level 5 HND Computing; IELTS 6.0","Advanced software engineering and database system management.","Advanced Software Development, Database Systems, Honours Project",www.rgu.ac.uk/study/courses/bsc-hons-computer-science-top-up
C_BUC071_01,UK071,BUSINESS_MANAGEMENT,BA (Hons) Business Management (Top-up),Topup,2026,September,1 Year,Buckingham Campus,"Level 5 HND/Diploma; IELTS 6.5","An intensive final year focused on strategic leadership and global business operations.","Strategic Management, International Business, Applied Business Project",www.buckingham.ac.uk/courses/undergraduate/business-management-top-up
C_LAW072_01,UK072,BUSINESS_MANAGEMENT,BA (Hons) Business Management (Top-up),Topup,2026,September,1 Year,London/Birmingham Campus,"Level 5 HND/Diploma; IELTS 6.0","A professional final year designed to transition students into high-level corporate management roles.","Strategic Management, Leadership and Change, Marketing Strategy",www.law.ac.uk/study/undergraduate/business/ba-business-management-top-up/
C_UON073_01,UK073,BUSINESS_MANAGEMENT,BA (Hons) Business and Management (Top-up),Topup,2026,September,1 Year,Waterside Campus,"Level 5 HND Business; IELTS 6.0","Focused on strategic leadership and innovation for students transitioning from HND programmes.","Strategic Management, Global Business, Research Methods",www.northampton.ac.uk/courses/business-and-management-ba-hons-topup/
C_UON073_02,UK073,COMPUTER_SCIENCE,BSc (Hons) Computing (Top-up),Topup,2026,September,1 Year,Waterside Campus,"Level 5 HND Computing; IELTS 6.0","Technical final year for diploma holders to bridge into a full computer science honours degree.","Advanced Databases, Software Engineering, Final Project",www.northampton.ac.uk/courses/computing-bsc-hons-topup/
C_UON073_03,UK073,HEALTHCARE,BSc (Hons) Health and Social Care (Top-up),Topup,2026,September,1 Year,Waterside Campus,"Level 5 in Health/Social Care; IELTS 6.0","Professional top-up for health practitioners to gain an honours degree.","Public Health, Leadership in Care, Research Methods",www.northampton.ac.uk/courses/health-and-social-care-top-up-bsc-hons/
C_SAL074_01,UK074,BUSINESS_MANAGEMENT,BSc (Hons) Business Management (Top-up),Topup,2026,September,1 Year,MediaCityUK/Main Campus,"Level 5 HND; IELTS 6.0","A professional final year to convert a diploma into an honours degree in a supportive campus environment.","Strategic Management, Global Business, Business Project",www.salford.ac.uk/courses/undergraduate/business-management-top-up
C_SAL074_02,UK074,COMPUTER_SCIENCE,BSc (Hons) Computer Science (Top-up),Topup,2026,September,1 Year,Peel Park Campus,"Level 5 HND Computing; IELTS 6.0","Technical final year focusing on advanced software engineering and industry-relevant projects.","Advanced Software Development, Database Systems, Honours Project",www.salford.ac.uk/courses/undergraduate/computer-science-top-up
C_SAL074_03,UK074,NURSING,BSc (Hons) Nursing Studies (Top-up),Topup,2026,September,1 Year,Salford Campus,"Nursing Diploma; RN Status; IELTS 6.5","Designed for international registered nurses to gain a UK honours degree.","Clinical Leadership, Evidence-based Practice, Health Assessment",www.salford.ac.uk/courses/undergraduate/nursing-studies-top-up
C_UWL076_01,UK076,BUSINESS_MANAGEMENT,BA (Hons) Business Studies (Top-up),Topup,2026,September,1 Year,Ealing Campus,"Level 5 HND/Diploma; IELTS 6.0","A career-focused final year designed to transition diploma students into strategic management roles.","Strategic Management, Global Marketing, Corporate Social Responsibility",www.uwl.ac.uk/courses/undergraduate/business-studies-top-up
C_UWL076_02,UK076,HOSPITALITY_MANAGEMENT,BA (Hons) International Hospitality Management (Top-up),Topup,2026,September,1 Year,Ealing Campus,"Level 5 HND Hospitality; IELTS 6.0","Advanced management training for students entering the global service and luxury hospitality sector.","Strategic Hospitality Management, Revenue Management, Applied Project",www.uwl.ac.uk/courses/undergraduate/international-hospitality-management-top-up
C_WIN077_01,UK077,BUSINESS_MANAGEMENT,BA (Hons) Business Management (Top-up),Topup,2026,September,1 Year,Winchester Campus,"Level 5 HND/Diploma; IELTS 6.0","A strategic final year focusing on leadership and professional management within a values-based educational environment.","Strategic Management, Marketing Communications, Management Project",www.winchester.ac.uk/study/undergraduate/courses/ba-hons-business-management-top-up/
C_WOR078_01,UK078,BUSINESS_MANAGEMENT,BA (Hons) Business Management (Top-up),Topup,2026,September,1 Year,City Campus,"Level 5 HND Business; IELTS 6.0","Focused on global management practice and strategic decision-making for modern professionals.","Strategic Management, International Marketing, Applied Business Project",www.worcester.ac.uk/courses/business-management-ba-hons-top-up
C_UCB079_01,UK079,HOSPITALITY_MANAGEMENT,BA (Hons) International Hospitality Business Management (Top-up),Topup,2026,September,1 Year,Summer Row Campus,"Level 5 HND Hospitality; IELTS 6.0","Accredited by the University of Warwick; focuses on luxury hospitality and global strategic operations.","Strategic Hospitality Management, Revenue Management, Business Project",www.ucb.ac.uk/courses/ba-hons-international-hospitality-business-management-top-up
C_UCB079_02,UK079,MARKETING,BA (Hons) Digital Marketing (Top-up),Topup,2026,September,1 Year,Summer Row Campus,"Level 5 HND Marketing/Business; IELTS 6.0","A practical final year to develop high-level digital marketing strategy and analytics skills.","Digital Strategy, Social Media Marketing, Data Analytics",www.ucb.ac.uk/courses/ba-hons-digital-marketing-top-up
C_UCB079_03,UK079,TOURISM,BA (Hons) International Tourism Management (Top-up),Topup,2026,September,1 Year,Summer Row Campus,"Level 5 in Tourism; IELTS 6.0","Management training for the global tourism sector.","Tourism Policy, Destination Management, Sustainable Tourism",www.ucb.ac.uk/courses/ba-hons-international-tourism-management-top-up
C_UCA081_01,UK081,DESIGN,BA (Hons) Graphic Design (Top-up),Topup,2026,September,1 Year,Epsom Campus,"Level 5 in Design; Portfolio; IELTS 6.0","A high-level creative final year focusing on professional portfolio development and studio practice.","Professional Practice, Studio Project, Dissertation",www.uca.ac.uk/study/courses/ba-graphic-design-top-up
C_UCA081_02,UK081,BUSINESS_MANAGEMENT,BA (Hons) Business & Management (Top-up),Topup,2026,September,1 Year,Epsom Campus,"Level 5 HND/Diploma; IELTS 6.0","Focused on strategic leadership within the creative and cultural industries.","Strategic Management, International Marketing, Research Project",www.uca.ac.uk/study/courses/ba-business-management-top-up
C_BED084_01,UK084,BUSINESS_MANAGEMENT,BA (Hons) Business Administration (Top-up),Topup,2026,September,1 Year,Luton Campus,"Level 5 HND/Diploma; IELTS 6.0","A terminal year to develop strategic leadership and management skills for corporate roles.","Strategic Management, International Marketing, Management Project",www.beds.ac.uk/howtoapply/courses/undergraduate/next-year/business-administration-top-up
C_BED084_02,UK084,COMPUTER_SCIENCE,BSc (Hons) Computer Science (Top-up),Topup,2026,September,1 Year,Luton Campus,"Level 5 HND Computing; IELTS 6.0","Technical final year for diploma holders to bridge into a full computer science honours degree.","Advanced Databases, Software Engineering, Final Project",www.beds.ac.uk/howtoapply/courses/undergraduate/next-year/computer-science-top-up
C_BRA086_01,UK086,BUSINESS_MANAGEMENT,BSc (Hons) Business and Management (Top-up),Topup,2026,September,1 Year,City Campus,"Level 5 HND Business; IELTS 6.0","A professional final year to convert a diploma into an honours degree with a focus on sustainable management.","Strategic Management, Contemporary Issues in Business, Applied Project",www.bradford.ac.uk/courses/ug/business-and-management-top-up/
C_BRI088_01,UK088,BUSINESS_MANAGEMENT,BA (Hons) Business Management (Top-up),Topup,2026,September,1 Year,Moulsecoomb Campus,"Level 5 HND/Diploma; IELTS 6.0","Designed to bridge the gap to an honours degree with a focus on strategic leadership and innovation.","Strategic Management, International Business, Business Project",www.brighton.ac.uk/courses/study/business-management-ba-hons-top-up.aspx
C_CHE091_01,UK091,BUSINESS_MANAGEMENT,BA (Hons) Business Management (Top-up),Topup,2026,September,1 Year,Wheeler Campus,"Level 5 HND Business; IELTS 6.0","A strategic final year designed to develop high-level leadership and decision-making skills.","Strategic Management, International Marketing, Applied Business Project",www.chester.ac.uk/undergraduate/business-management-top-up
C_CHI093_01,UK093,BUSINESS_MANAGEMENT,BA (Hons) Business Management (Top-up),Topup,2026,September,1 Year,Bognor Regis Campus,"Level 5 HND/FD; IELTS 6.0","Focused on global management practice and strategic leadership.","Strategic Management, Business Strategy, International Marketing",www.chi.ac.uk/courses/business-management-top-up
C_CUM094_01,UK094,BUSINESS_MANAGEMENT,BA (Hons) Business Management (Top-up),Topup,2026,September,1 Year,Lancaster Campus,"Level 5 HND/Diploma; IELTS 6.0","Convert a diploma into an honours degree with a focus on leadership.","Strategic Management, Global Business Issues, Management Project",www.cumbria.ac.uk/study/courses/undergraduate/business-management-top-up
C_CUM094_02,UK094,NURSING,BSc (Hons) Nursing Studies (Top-up),Topup,2026,September,1 Year,Lancaster Campus,"Nursing Diploma; RN Status; IELTS 6.5","Enables registered nurses to top up to a full honours degree.","Leadership in Health, Evidence-based Practice, Dissertation",www.cumbria.ac.uk/study/courses/undergraduate/nursing-studies-top-up/
C_DER095_01,UK095,BUSINESS_MANAGEMENT,BA (Hons) Business Management (Top-up),Topup,2026,September,1 Year,Derby Campus,"Level 5 HND Business; IELTS 6.0","Focused on strategic leadership and innovation for diploma holders.","Strategic Management, International Marketing, Management Project",www.derby.ac.uk/undergraduate/business-courses/business-management-top-up-ba-hons/
C_DER095_02,UK095,COMPUTER_SCIENCE,BSc (Hons) Computing (Top-up),Topup,2026,September,1 Year,Derby Campus,"Level 5 in Computing; IELTS 6.0","Technical final year for diploma holders to gain advanced systems skills.","Software Engineering, Information Systems Strategy, Final Project",www.derby.ac.uk/undergraduate/computing-courses/computing-top-up-bsc-hons/
C_UEL099_01,UK099,BUSINESS_MANAGEMENT,BA (Hons) Business Management (Top-up),Topup,2026,September,1 Year,Docklands Campus,"Level 5 HND Business; IELTS 6.0","Strategic leadership and management skills in a London-focused business hub.","Digital Business, Strategic Leadership, Global Marketing",www.uel.ac.uk/undergraduate/courses/ba-hons-business-management-top-up
C_UEL099_02,UK099,COMPUTER_SCIENCE,BSc (Hons) Computer Science (Top-up),Topup,2026,September,1 Year,Docklands Campus,"Level 5 in Computing; IELTS 6.0","Advanced software engineering and data systems for technical diploma holders.","Artificial Intelligence, Advanced Software Development, Final Project",www.uel.ac.uk/undergraduate/courses/bsc-hons-computer-science-top-up
C_EXE101_01,UK101,BUSINESS_MANAGEMENT,BA (Hons) Business Management (Top-up),Topup,2026,September,1 Year,Southend Campus,"Level 5 HND Business; IELTS 6.0","A terminal year focusing on global business challenges and leadership skills in a professional setting.","Strategic Management, International Marketing, Applied Project",www.essex.ac.uk/courses/ug01041/1/ba-business-management-top-up
C_UOG104_01,UK104,BUSINESS_MANAGEMENT,BA (Hons) Business Management (Top-up),Topup,2026,September,1 Year,Oxstalls Campus,"Level 5 HND/Foundation Degree; IELTS 6.0","A terminal year focusing on strategic leadership and professional management in global markets.","Strategic Management, Business Strategy, Applied Management Project",www.glos.ac.uk/courses/undergraduate/business-management-top-up/
C_UOG104_02,UK104,HOSPITALITY_MANAGEMENT,BA (Hons) International Hospitality and Tourism Management (Top-up),Topup,2026,September,1 Year,Oxstalls Campus,"Level 5 HND in Hospitality; IELTS 6.0","Advanced management training for students entering the global service and tourism sector.","Strategic Hospitality, Tourism Policy, Honours Project",www.glos.ac.uk/courses/undergraduate/international-hospitality-and-tourism-management-top-up/
C_UOG104_03,UK104,NURSING,BSc (Hons) Nursing Studies (Top-up),Topup,2026,September,1 Year,Oxstalls Campus,"Nursing Diploma; RN Status; IELTS 6.5","Enables registered nurses to top up to a full honours degree with a focus on clinical leadership.","Clinical Leadership, Evidence-based Practice, Health Assessment",www.glos.ac.uk/courses/undergraduate/nursing-studies-top-up
C_UGM105_01,UK105,CREATIVE_WRITING,BA (Hons) Creative Writing (Top-up),Topup,2026,September,1 Year,Manchester Campus,"Level 5 in related field; Portfolio; IELTS 6.0","A specialist final year for writers to produce a major professional manuscript.","Professional Portfolio, Creative Research, Major Project",ucenmanchester.ac.uk/courses/ba-hons-creative-writing-top-up
C_GRE106_01,UK106,BUSINESS_MANAGEMENT,BA (Hons) Business Management (Top-up),Topup,2026,September,1 Year,Greenwich Campus,"Level 5 HND Business; IELTS 6.0","A professional final year designed to develop high-level leadership and strategic decision-making skills.","Strategic Management, International Marketing, Management Project",www.gre.ac.uk/undergraduate-courses/bus/business-management-top-up-ba-hons
C_GRE106_02,UK106,COMPUTER_SCIENCE,BSc (Hons) Computing (Top-up),Topup,2026,September,1 Year,Greenwich Campus,"Level 5 HND Computing; IELTS 6.0","Technical program designed to bridge technical diplomas into professional computing degrees.","Advanced Databases, Software Engineering, Final Year Project",www.gre.ac.uk/undergraduate-courses/engsci/computing-top-up-bsc-hons
C_HER107_01,UK107,BUSINESS_MANAGEMENT,BA (Hons) Business Administration (Top-up),Topup,2026,September,1 Year,De Havilland Campus,"Level 5 HND/Diploma; IELTS 6.0","A final year to develop strategic leadership and management skills for corporate roles.","Strategic Management, International Marketing, Management Project",www.herts.ac.uk/courses/undergraduate/ba-hons-business-administration-top-up
C_HER107_02,UK107,COMPUTER_SCIENCE,BSc (Hons) Computer Science (Top-up),Topup,2026,September,1 Year,College Lane Campus,"Level 5 HND Computing; IELTS 6.0","Technical final year for diploma holders to bridge into a full computer science honours degree.","Advanced Databases, Software Engineering, Final Project",www.herts.ac.uk/courses/undergraduate/bsc-hons-computer-science-top-up
C_HUD108_01,UK108,BUSINESS_MANAGEMENT,BA (Hons) Business Administration and Management (Top-up),Topup,2026,September,1 Year,Queensgate Campus,"Level 5 HND Business; IELTS 6.0","Focused on global management practice and strategic decision-making for modern professionals.","Strategic Management, Global Business Issues, Management Project",www.hud.ac.uk/courses/undergraduate/business-administration-and-management-ba-hons-top-up/
C_HUL109_01,UK109,BUSINESS_MANAGEMENT,BA (Hons) Business Management (Top-up),Topup,2026,September,1 Year,Hull Campus,"Level 5 HND/Foundation Degree; IELTS 6.0","A specialist final year designed to develop strategic leadership and professional management skills.","Strategic Management, Business Strategy, International Marketing",www.hull.ac.uk/study/undergraduate/business-management-ba-hons-top-up
C_UCL111_01,UK111,BUSINESS_MANAGEMENT,BA (Hons) Business Management (Top-up),Topup,2026,September,1 Year,Preston Campus,"Level 5 HND Business; IELTS 6.0","A terminal year focusing on global business challenges and digital transformation in management.","Strategic Management, Digital Business, Honours Project",www.uclan.ac.uk/undergraduate/courses/business-management-top-up-ba
C_UCL111_02,UK111,HOSPITALITY_MANAGEMENT,BA (Hons) International Hospitality Management (Top-up),Topup,2026,September,1 Year,Preston Campus,"Level 5 HND Hospitality; IELTS 6.0","Professional management training for students entering the global service sector.","Strategic Hospitality Management, Revenue Management, Research Project",www.uclan.ac.uk/undergraduate/courses/international-hospitality-management-top-up
C_LIN114_01,UK114,BUSINESS_MANAGEMENT,BA (Hons) Business and Management (Top-up),Topup,2026,September,1 Year,Brayford Pool Campus,"Level 5 HND Business; IELTS 6.0","A professional final year to convert a diploma into an honours degree with a focus on leadership.","Strategic Management, Contemporary Issues in Business, Applied Project",www.lincoln.ac.uk/course/busmanub/
C_NBR118_01,UK118,BUSINESS_MANAGEMENT,BA (Hons) Business (Top-up),Topup,2026,September,1 Year,Newcastle Campus,"Level 5 HND/Foundation Degree; IELTS 6.0","A terminal year for diploma holders to gain a globally recognised business honours degree.","Strategic Management, Leadership and Change, International Marketing",www.northumbria.ac.uk/study-at-northumbria/courses/business-top-up-ba-hons
C_NBR118_02,UK118,LOGISTICS_AND_SUPPLY_CHAIN,BA (Hons) Global Logistics and Supply Chain Management (Top-up),Topup,2026,September,1 Year,Newcastle Campus,"Level 5 HND in Business/Logistics; IELTS 6.0","Specialist final year focusing on global trade, procurement, and supply chain strategy.","Global Logistics, Strategic Supply Chain, Procurement Management",www.northumbria.ac.uk/study-at-northumbria/courses/global-logistics-and-supply-chain-management-top-up-ba-hons
C_NBR118_03,UK118,ACCOUNTING,BA (Hons) Accounting and Finance (Top-up),Topup,2026,September,1 Year,Newcastle Campus,"Level 5 HND Accounting; IELTS 6.0","Focuses on financial reporting, management accounting, and strategic finance.","Advanced Financial Reporting, Strategic Management Accounting, Investment",www.northumbria.ac.uk/study-at-northumbria/courses/accounting-and-finance-ba-hons-top-up
C_PLY121_01,UK121,BUSINESS_MANAGEMENT,BA (Hons) Business Management (Top-up),Topup,2026,September,1 Year,Main Campus,"Level 5 HND Business; IELTS 6.0","Focuses on global management practice and strategic leadership for modern professionals.","Strategic Management, International Marketing, Applied Business Project",www.plymouth.ac.uk/courses/undergraduate/ba-business-management-top-up
C_POR122_01,UK122,BUSINESS_MANAGEMENT,BA (Hons) Business Management (Top-up),Topup,2026,September,1 Year,City Campus,"Level 5 HND/Diploma; IELTS 6.0","A terminal year focusing on strategic leadership and innovation for students transitioning from HND programmes.","Strategic Management, Business Strategy, International Marketing",www.port.ac.uk/study/courses/ba-hons-business-management-top-up
C_USW124_01,UK124,BUSINESS_MANAGEMENT,BA (Hons) Business Studies (Top-up),Topup,2026,September,1 Year,Treforest Campus,"Level 5 HND Business; IELTS 6.0","A professional final year to convert a diploma into an honours degree in a supportive campus environment.","Strategic Management, Global Business, Research Methods",www.southwales.ac.uk/courses/ba-hons-business-studies-top-up/
C_USW124_02,UK124,NURSING,BSc (Hons) Nursing Studies (Top-up),Topup,2026,September,1 Year,Glyntaff Campus,"Nursing Diploma; RN Status; IELTS 6.5","Enables registered nurses to top up their qualification to a full BSc (Hons) degree.","Leadership in Health, Evidence-based Practice, Health Assessment",www.southwales.ac.uk/courses/bsc-hons-nursing-studies-top-up
C_MAR127_01,UK127,SPORTS_SCIENCE,BSc (Hons) Sport Coaching (Top-up),Topup,2026,September,1 Year,Plymouth Campus,"Level 5 in Sports; IELTS 6.0","Refines coaching techniques and leadership skills for elite sport environments.","High Performance Coaching, Analysis of Performance, Honours Project",www.marjon.ac.uk/courses/sport-coaching-top-up/
C_STA128_01,UK128,BUSINESS_MANAGEMENT,BA (Hons) Business Management (Top-up),Topup,2026,September,1 Year,Stoke-on-Trent Campus,"Level 5 HND Business; IELTS 6.0","A terminal year focusing on global business challenges and digital transformation in management.","Strategic Management, Digital Business, Honours Project",www.staffs.ac.uk/course/business-management-ba-top-up
C_STA128_02,UK128,COMPUTER_SCIENCE,BSc (Hons) Computing (Top-up),Topup,2026,September,1 Year,Stoke-on-Trent Campus,"Level 5 HND Computing; IELTS 6.0","Technical program designed to bridge technical diplomas into professional computing degrees.","Advanced Databases, Software Engineering, Final Year Project",www.staffs.ac.uk/course/computing-bsc-top-up
C_SUF131_01,UK131,BUSINESS_MANAGEMENT,BA (Hons) Business Management (Top-up),Topup,2026,September,1 Year,Ipswich Campus,"Level 5 HND/Diploma; IELTS 6.0","Focused on strategic leadership and global business innovation for students from professional backgrounds.","Strategic Management, Leadership and Change, Applied Business Project",www.uos.ac.uk/courses/ba-hons-business-management-top-up/
C_SUN132_01,UK132,BUSINESS_MANAGEMENT,BA (Hons) Business Management (Top-up),Topup,2026,September,1 Year,Sunderland Campus,"Level 5 HND Business; IELTS 6.0","A professional final year to convert a diploma into an honours degree with a focus on leadership.","Strategic Management, Contemporary Issues in Business, Applied Project",www.sunderland.ac.uk/study/business/ba-business-management-top-up/
C_SUN132_02,UK132,NURSING,BSc (Hons) Nursing Studies (Top-up),Topup,2026,September,1 Year,City Campus,"Nursing Diploma; RN Status; IELTS 6.5","Specifically for international nurses looking to achieve a UK degree and advance clinical practice.","Clinical Excellence, Leadership in Nursing, Research Methods",www.sunderland.ac.uk/study/nursing/bsc-nursing-studies-top-up/
C_UHI136_01,UK136,BUSINESS_MANAGEMENT,BA (Hons) Business and Management (Top-up),Topup,2026,September,1 Year,Inverness Campus,"Level 5 HND/Diploma; IELTS 6.0","Flexible final year designed to transition diploma students into strategic management roles within regional contexts.","Strategic Management, International Marketing, Honours Dissertation",www.uhi.ac.uk/en/courses/ba-hons-business-and-management/
C_UWE137_01,UK137,BUSINESS_MANAGEMENT,BA (Hons) Business Management and Leadership (Top-up),Topup,2026,September,1 Year,Frenchay Campus,"Level 5 HND Business; IELTS 6.0","A terminal year focusing on global business challenges and leadership skills in a professional setting.","Strategic Management, Leadership and Change, International Marketing",www.uwe.ac.uk/courses/ba-hons-business-management-and-leadership-top-up
C_UWS138_01,UK138,BUSINESS_MANAGEMENT,BA (Hons) Business Management (Top-up),Topup,2026,September,1 Year,Paisley Campus,"Level 5 HND Business; IELTS 6.0","Provides a strategic overview of business operations and leadership for final year entry.","Strategic Management, Contemporary Issues in Business, Honours Project",www.uws.ac.uk/study/undergraduate/ba-hons-business-management/
C_UWS138_02,UK138,CYBER_SECURITY,BSc (Hons) Cyber Security (Top-up),Topup,2026,September,1 Year,Paisley Campus,"Level 5 in Computing; IELTS 6.0","Technical final year focusing on network security, digital forensics, and ethical hacking.","Ethical Hacking, Digital Forensics, Network Security",www.uws.ac.uk/study/undergraduate/bsc-hons-cyber-security/
C_ULS139_01,UK139,BUSINESS_MANAGEMENT,BSc (Hons) Business Studies (Top-up),Topup,2026,September,1 Year,Belfast Campus,"Level 5 HND Business; IELTS 6.0","A comprehensive final year providing advanced management insights for professional accreditation.","Strategic Management, International Marketing, Dissertation",www.ulster.ac.uk/courses/202627/business-studies-top-up
C_WTS140_01,UK140,BUSINESS_MANAGEMENT,BA (Hons) Business Management (Top-up),Topup,2026,September,1 Year,Swansea Campus,"Level 5 HND/Diploma; IELTS 6.0","A specialist final year designed to develop strategic leadership and professional management skills.","Strategic Management, Business Strategy, International Marketing",www.uwtsd.ac.uk/ba-business-management-top-up/
C_WES142_01,UK142,BUSINESS_MANAGEMENT,BA (Hons) Business Management (Top-up),Topup,2026,September,1 Year,Marylebone Campus,"Level 5 HND/Diploma; IELTS 6.0","A terminal year to develop strategic leadership and management skills for corporate roles in London.","Strategic Management, International Marketing, Management Project",www.westminster.ac.uk/business-and-management-courses/2026-27/september/full-time/business-management-ba-hons-top-up
C_WOL143_01,UK143,BUSINESS_MANAGEMENT,BA (Hons) Business Management (Top-up),Topup,2026,September,1 Year,City Campus,"Level 5 HND Business; IELTS 6.0","Focused on global management practice and strategic decision-making for modern professionals.","Strategic Management, International Marketing, Applied Business Project",www.wlv.ac.uk/courses/ba-hons-business-management-top-up/
C_WRE145_01,UK145,BUSINESS_MANAGEMENT,BA (Hons) Business Management (Top-up),Topup,2026,September,1 Year,Wrexham Campus,"Level 5 HND/Diploma; IELTS 6.0","A strategic final year focusing on leadership and professional management within a supportive environment.","Strategic Management, Marketing Communications, Management Project",wrexham.ac.uk/courses/undergraduate/business-management-top-up/
C_YSJ146_01,UK146,BUSINESS_MANAGEMENT,BA (Hons) Business Management (Top-up),Topup,2026,September,1 Year,York Campus,"Level 5 HND Business; IELTS 6.0","Designed to bridge the gap to an honours degree with a focus on ethical leadership and global management.","Business Strategy, Management and Leadership, Professional Development",www.yorksj.ac.uk/courses/undergraduate/business-management-ba-hons-top-up
C_BED084_09,UK084,NURSING,BSc (Hons) Nursing Studies (Top-up),Topup,2026,September,1 Year,Luton Campus,"Nursing Diploma; RN Status; IELTS 6.5","Enables registered nurses to top up their qualification to a full BSc (Hons) degree.","Leadership in Health, Evidence-based Practice, Health Assessment",www.beds.ac.uk/howtoapply/courses/undergraduate/next-year/nursing-studies-top-up
C_HUD108_09,UK108,NURSING,BSc (Hons) Nursing Studies (Top-up International),Topup,2026,September,1 Year,Huddersfield Campus,"Nursing Diploma; RN Status; IELTS 6.5","Designed for internationally qualified nurses to enhance professional development and clinical leadership.","Global Health Perspectives, Research Methods, Clinical Leadership",www.hud.ac.uk/courses/undergraduate/nursing-studies-top-up-international-bsc-hons/
C_DER095_09,UK095,NURSING,BSc (Hons) Nursing Studies (Top-up),Topup,2026,September,1 Year,Online,"Nursing Diploma; RN Status; IELTS 6.0","A flexible 100% online top-up for registered nurses to gain a full degree while working.","Advanced Nursing Practice, Health Promotion, Dissertation",www.derby.ac.uk/online/nursing-courses/nursing-studies-top-up-bsc-hons-online/
C_BCU012_09,UK012,NURSING,BSc (Hons) Professional Nursing Practice (Top-up),Topup,2026,September,1 Year,City South Campus,"Nursing Diploma; RN Status; IELTS 7.0","A professional development route for nurses to achieve degree-level status in a major UK health faculty.","Leadership and Management, Evidence-Based Research, Specialist Practice",www.bcu.ac.uk/courses/professional-nursing-practice-bsc-hons
C_MDX048_09,UK048,NURSING,BSc (Hons) Nursing (Professional Practice) (Top-up),Topup,2026,September,1 Year,Hendon Campus,"Nursing Diploma; RN Status; IELTS 6.5","Enhances critical thinking and clinical decision-making for practicing nurses.","Critical Practice, Leadership in Health, Clinical Inquiry",www.mdx.ac.uk/courses/undergraduate/nursing-professional-practice-top-up
C_GRE106_09,UK106,NURSING,BSc (Hons) Health and Social Care (Top-up),Topup,2026,September,1 Year,Avery Hill Campus,"Level 5 Diploma; IELTS 6.0","Interdisciplinary top-up for health professionals to advance into management and policy roles.","Health Policy, Leadership and Management, Research Project",www.gre.ac.uk/undergraduate-courses/edu-hea/health-and-social-care-bsc-hons-top-up
C_PLY121_09,UK121,NURSING,BSc (Hons) Professional Development in Nursing (Top-up),Topup,2026,September,1 Year,Plymouth Campus,"Nursing Diploma; RN Status; IELTS 6.5","A flexible top-up degree for registered nurses to gain academic recognition for clinical expertise.","Evidence-Informed Practice, Leadership and Management, Honours Project",www.plymouth.ac.uk/courses/undergraduate/bsc-professional-development-nursing