tuition_id,course_id,university_id,academic_year,residency,tuition_fee,scholarship_amount,tuition_deposit,currency
TF_ICD003_01_INTL,C_ICD003_01,IRL003,2026,INTL,8500.00,500.00,1000.00,EUR
TF_ICD003_01_EU,C_ICD003_01,IRL003,2026,EU,5500.00,0.00,0.00,EUR
TF_ACD004_01_INTL,C_ACD004_01,IRL004,2026,INTL,13000.00,1000.00,1500.00,EUR
TF_ACD004_01_EU,C_ACD004_01,IRL004,2026,EU,7500.00,0.00,0.00,EUR
TF_GRI005_01_INTL,C_GRI005_01,IRL005,2026,INTL,12500.00,1000.00,1000.00,EUR
TF_GRI005_01_EU,C_GRI005_01,IRL005,2026,EU,5850.00,0.00,0.00,EUR
TF_GRI005_02_INTL,C_GRI005_02,IRL005,2026,INTL,12500.00,1000.00,1000.00,EUR
TF_GRI005_02_EU,C_GRI005_02,IRL005,2026,EU,5850.00,0.00,0.00,EUR
TF_GRI005_03_INTL,C_GRI005_03,IRL005,2026,INTL,12500.00,1000.00,1000.00,EUR
TF_GRI005_03_EU,C_GRI005_03,IRL005,2026,EU,5850.00,0.00,0.00,EUR
TF_DBS006_01_INTL,C_DBS006_01,IRL006,2026,INTL,10365.00,500.00,1000.00,EUR
TF_DBS006_01_EU,C_DBS006_01,IRL006,2026,EU,4800.00,0.00,0.00,EUR
TF_DBS006_02_INTL,C_DBS006_02,IRL006,2026,INTL,10365.00,500.00,1000.00,EUR
TF_DBS006_02_EU,C_DBS006_02,IRL006,2026,EU,5200.00,0.00,0.00,EUR
TF_DBS006_03_INTL,C_DBS006_03,IRL006,2026,INTL,10365.00,500.00,1000.00,EUR
TF_DBS006_03_EU,C_DBS006_03,IRL006,2026,EU,4800.00,0.00,0.00,EUR
TF_UCC009_01_INTL,C_UCC009_01,IRL009,2026,INTL,10500.00,1000.00,1000.00,EUR
TF_UCC009_01_EU,C_UCC009_01,IRL009,2026,EU,3000.00,0.00,0.00,EUR
TF_DKIT007_01_INTL,C_DKIT007_01,IRL007,2026,INTL,10950.00,1000.00,1000.00,EUR
TF_DKIT007_01_EU,C_DKIT007_01,IRL007,2026,EU,3000.00,0.00,0.00,EUR
TF_DKIT007_02_INTL,C_DKIT007_02,IRL007,2026,INTL,10950.00,1000.00,1000.00,EUR
TF_DKIT007_02_EU,C_DKIT007_02,IRL007,2026,EU,3000.00,0.00,0.00,EUR
TF_DOR010_01_INTL,C_DOR010_01,IRL010,2026,INTL,10500.00,1000.00,1000.00,EUR
TF_DOR010_01_EU,C_DOR010_01,IRL010,2026,EU,5950.00,0.00,0.00,EUR
TF_DOR010_02_INTL,C_DOR010_02,IRL010,2026,INTL,10500.00,1000.00,1000.00,EUR
TF_DOR010_02_EU,C_DOR010_02,IRL010,2026,EU,5950.00,0.00,0.00,EUR
TF_MTU012_01_INTL,C_MTU012_01,IRL012,2026,INTL,13500.00,1500.00,1000.00,EUR
TF_MTU012_01_EU,C_MTU012_01,IRL012,2026,EU,3000.00,0.00,0.00,EUR
TF_MTU012_02_INTL,C_MTU012_02,IRL012,2026,INTL,13500.00,1500.00,1000.00,EUR
TF_MTU012_02_EU,C_MTU012_02,IRL012,2026,EU,3000.00,0.00,0.00,EUR
TF_MTU012_03_INTL,C_MTU012_03,IRL012,2026,INTL,13500.00,1500.00,1000.00,EUR
TF_MTU012_03_EU,C_MTU012_03,IRL012,2026,EU,3000.00,0.00,0.00,EUR
TF_ATU013_01_INTL,C_ATU013_01,IRL013,2026,INTL,12000.00,1000.00,1000.00,EUR
TF_ATU013_01_EU,C_ATU013_01,IRL013,2026,EU,3000.00,0.00,0.00,EUR
TF_ATU013_02_INTL,C_ATU013_02,IRL013,2026,INTL,12000.00,1000.00,1000.00,EUR
TF_ATU013_02_EU,C_ATU013_02,IRL013,2026,EU,3000.00,0.00,0.00,EUR
TF_ATU013_03_INTL,C_ATU013_03,IRL013,2026,INTL,12000.00,1000.00,1000.00,EUR
TF_ATU013_03_EU,C_ATU013_03,IRL013,2026,EU,3000.00,0.00,0.00,EUR
TF_CCT014_01_INTL,C_CCT014_01,IRL014,2026,INTL,8600.00,500.00,1000.00,EUR
TF_CCT014_01_EU,C_CCT014_01,IRL014,2026,EU,4500.00,0.00,0.00,EUR
TF_IADT019_01_INTL,C_IADT019_01,IRL019,2026,INTL,13500.00,1000.00,1000.00,EUR
TF_IADT019_01_EU,C_IADT019_01,IRL019,2026,EU,3000.00,0.00,0.00,EUR
TF_NCI021_01_INTL,C_NCI021_01,IRL021,2026,INTL,10000.00,1000.00,1000.00,EUR
TF_NCI021_01_EU,C_NCI021_01,IRL021,2026,EU,5000.00,0.00,0.00,EUR
TF_ATU022_01_INTL,C_ATU022_01,IRL022,2026,INTL,12000.00,1000.00,1000.00,EUR
TF_ATU022_01_EU,C_ATU022_01,IRL022,2026,EU,3000.00,0.00,0.00,EUR
TF_SET023_01_INTL,C_SET023_01,IRL023,2026,INTL,10500.00,1000.00,1000.00,EUR
TF_SET023_01_EU,C_SET023_01,IRL023,2026,EU,3000.00,0.00,0.00,EUR
TF_SET023_02_INTL,C_SET023_02,IRL023,2026,INTL,10500.00,1000.00,1000.00,EUR
TF_SET023_02_EU,C_SET023_02,IRL023,2026,EU,3000.00,0.00,0.00,EUR
TF_SET023_03_INTL,C_SET023_03,IRL023,2026,INTL,10500.00,1000.00,1000.00,EUR
TF_SET023_03_EU,C_SET023_03,IRL023,2026,EU,3000.00,0.00,0.00,EUR
TF_TUS026_01_INTL,C_TUS026_01,IRL026,2026,INTL,10500.00,1000.00,1000.00,EUR
TF_TUS026_01_EU,C_TUS026_01,IRL026,2026,EU,3000.00,0.00,0.00,EUR
TF_TUS026_02_INTL,C_TUS026_02,IRL026,2026,INTL,10500.00,1000.00,1000.00,EUR
TF_TUS026_02_EU,C_TUS026_02,IRL026,2026,EU,3000.00,0.00,0.00,EUR
TF_TUS026_03_INTL,C_TUS026_03,IRL026,2026,INTL,10500.00,1000.00,1000.00,EUR
TF_TUS026_03_EU,C_TUS026_03,IRL026,2026,EU,3000.00,0.00,0.00,EUR
TF_TUD027_01_INTL,C_TUD027_01,IRL027,2026,INTL,12500.00,1500.00,1000.00,EUR
TF_TUD027_01_EU,C_TUD027_01,IRL027,2026,EU,3000.00,0.00,0.00,EUR
TF_TUD027_02_INTL,C_TUD027_02,IRL027,2026,INTL,12500.00,1500.00,1000.00,EUR
TF_TUD027_02_EU,C_TUD027_02,IRL027,2026,EU,3000.00,0.00,0.00,EUR
TF_TUD027_03_INTL,C_TUD027_03,IRL027,2026,INTL,12500.00,1500.00,1000.00,EUR
TF_TUD027_03_EU,C_TUD027_03,IRL027,2026,EU,3000.00,0.00,0.00,EUR
TF_ABE001_01_INTL,C_ABE001_01,UK001,2026,INTL,16500.00,3000.00,1000.00,GBP
TF_ABE001_01_EU,C_ABE001_01,UK001,2026,EU,9250.00,0.00,0.00,GBP
TF_ABE001_02_INTL,C_ABE001_02,UK001,2026,INTL,16500.00,3000.00,1000.00,GBP
TF_ARU003_01_INTL,C_ARU003_01,UK003,2026,INTL,16000.00,2000.00,1000.00,GBP
TF_ARU003_01_EU,C_ARU003_01,UK003,2026,EU,9250.00,0.00,0.00,GBP
TF_ARU003_02_INTL,C_ARU003_02,UK003,2026,INTL,16000.00,2000.00,1000.00,GBP
TF_ARU003_02_EU,C_ARU003_02,UK003,2026,EU,9250.00,0.00,0.00,GBP
TF_ARD004_01_INTL,C_ARD004_01,UK004,2026,INTL,14000.00,1000.00,500.00,GBP
TF_ARD004_01_EU,C_ARD004_01,UK004,2026,EU,9250.00,0.00,0.00,GBP
TF_ARD004_02_INTL,C_ARD004_02,UK004,2026,INTL,14000.00,1000.00,500.00,GBP
TF_ARD004_02_EU,C_ARD004_02,UK004,2026,EU,9250.00,0.00,0.00,GBP
TF_AUP006_01_INTL,C_AUP006_01,UK006,2026,INTL,16500.00,1500.00,1000.00,GBP
TF_AUP006_01_EU,C_AUP006_01,UK006,2026,EU,9250.00,0.00,0.00,GBP
TF_BSU009_01_INTL,C_BSU009_01,UK009,2026,INTL,16500.00,2000.00,1000.00,GBP
TF_BSU009_01_EU,C_BSU009_01,UK009,2026,EU,9250.00,0.00,0.00,GBP
TF_BIM010_01_INTL,C_BIM010_01,UK010,2026,INTL,16000.00,1000.00,500.00,GBP
TF_BIM010_01_EU,C_BIM010_01,UK010,2026,EU,9250.00,0.00,0.00,GBP
TF_BCU012_01_INTL,C_BCU012_01,UK012,2026,INTL,16500.00,2000.00,1000.00,GBP
TF_BCU012_01_EU,C_BCU012_01,UK012,2026,EU,9250.00,0.00,0.00,GBP
TF_BCU012_02_INTL,C_BCU012_02,UK012,2026,INTL,16500.00,2000.00,1000.00,GBP
TF_BCU012_02_EU,C_BCU012_02,UK012,2026,EU,9250.00,0.00,0.00,GBP
TF_NEW013_01_INTL,C_NEW013_01,UK013,2026,INTL,14500.00,1000.00,500.00,GBP
TF_NEW013_01_EU,C_NEW013_01,UK013,2026,EU,9250.00,0.00,0.00,GBP
TF_BOU014_01_INTL,C_BOU014_01,UK014,2026,INTL,17500.00,2500.00,1000.00,GBP
TF_BOU014_01_EU,C_BOU014_01,UK014,2026,EU,9250.00,0.00,0.00,GBP
TF_BNU016_01_INTL,C_BNU016_01,UK016,2026,INTL,15910.00,1000.00,500.00,GBP
TF_BNU016_01_EU,C_BNU016_01,UK016,2026,EU,9250.00,0.00,0.00,GBP
TF_BNU016_02_INTL,C_BNU016_02,UK016,2026,INTL,15910.00,1000.00,500.00,GBP
TF_BNU016_02_EU,C_BNU016_02,UK016,2026,EU,9250.00,0.00,0.00,GBP
TF_CCC017_01_INTL,C_CCC017_01,UK017,2026,INTL,15500.00,1500.00,1000.00,GBP
TF_CCC017_01_EU,C_CCC017_01,UK017,2026,EU,9250.00,0.00,0.00,GBP
TF_CCC017_02_INTL,C_CCC017_02,UK017,2026,INTL,15500.00,1500.00,1000.00,GBP
TF_CCC017_02_EU,C_CCC017_02,UK017,2026,EU,9250.00,0.00,0.00,GBP
TF_CMU018_01_INTL,C_CMU018_01,UK018,2026,INTL,16000.00,2000.00,1000.00,GBP
TF_CMU018_01_EU,C_CMU018_01,UK018,2026,EU,9250.00,0.00,0.00,GBP
TF_CMU018_02_INTL,C_CMU018_02,UK018,2026,INTL,16000.00,2000.00,1000.00,GBP
TF_CMU018_02_EU,C_CMU018_02,UK018,2026,EU,9250.00,0.00,0.00,GBP
TF_COV021_01_INTL,C_COV021_01,UK021,2026,INTL,16800.00,1500.00,1000.00,GBP
TF_COV021_01_EU,C_COV021_01,UK021,2026,EU,9250.00,0.00,0.00,GBP
TF_COV021_02_INTL,C_COV021_02,UK021,2026,INTL,16800.00,1500.00,1000.00,GBP
TF_COV021_02_EU,C_COV021_02,UK021,2026,EU,9250.00,0.00,0.00,GBP
TF_COV021_03_INTL,C_COV021_03,UK021,2026,INTL,16800.00,1500.00,1000.00,GBP
TF_COV021_03_EU,C_COV021_03,UK021,2026,EU,9250.00,0.00,0.00,GBP
TF_ENU025_03_INTL,C_ENU025_03,UK025,2026,INTL,17800.00,1000.00,1000.00,GBP
TF_ENU025_03_EU,C_ENU025_03,UK025,2026,EU,9250.00,0.00,0.00,GBP
TF_HSU031_01_INTL,C_HSU031_01,UK031,2026,INTL,15500.00,1000.00,1000.00,GBP
TF_HSU031_01_EU,C_HSU031_01,UK031,2026,EU,9250.00,0.00,0.00,GBP
TF_KEE033_01_INTL,C_KEE033_01,UK033,2026,INTL,16500.00,1000.00,1000.00,GBP
TF_KEE033_01_EU,C_KEE033_01,UK033,2026,EU,9250.00,0.00,0.00,GBP
TF_LJM042_03_INTL,C_LJM042_03,UK042,2026,INTL,17100.00,1500.00,1000.00,GBP
TF_LJM042_03_EU,C_LJM042_03,UK042,2026,EU,9250.00,0.00,0.00,GBP
TF_MDX048_01_INTL,C_MDX048_01,UK048,2026,INTL,16600.00,1000.00,1000.00,GBP
TF_MDX048_01_EU,C_MDX048_01,UK048,2026,EU,9250.00,0.00,0.00,GBP
TF_MDX048_02_INTL,C_MDX048_02,UK048,2026,INTL,17300.00,1000.00,1000.00,GBP
TF_MDX048_02_EU,C_MDX048_02,UK048,2026,EU,9250.00,0.00,0.00,GBP
TF_NEU050_01_INTL,C_NEU050_01,UK050,2026,INTL,16500.00,2000.00,1000.00,GBP
TF_NEU050_01_EU,C_NEU050_01,UK050,2026,EU,9250.00,0.00,0.00,GBP
TF_COV021_01_INTL,C_COV021_01,UK021,2026,INTL,16800.00,1500.00,1000.00,GBP
TF_COV021_01_EU,C_COV021_01,UK021,2026,EU,9250.00,0.00,0.00,GBP
TF_COV021_02_INTL,C_COV021_02,UK021,2026,INTL,16800.00,1500.00,1000.00,GBP
TF_COV021_02_EU,C_COV021_02,UK021,2026,EU,9250.00,0.00,0.00,GBP
TF_COV021_03_INTL,C_COV021_03,UK021,2026,INTL,16800.00,1500.00,1000.00,GBP
TF_COV021_03_EU,C_COV021_03,UK021,2026,EU,9250.00,0.00,0.00,GBP
TF_DMU023_01_INTL,C_DMU023_01,UK023,2026,INTL,15750.00,1000.00,1000.00,GBP
TF_DMU023_01_EU,C_DMU023_01,UK023,2026,EU,9250.00,0.00,0.00,GBP
TF_DMU023_02_INTL,C_DMU023_02,UK023,2026,INTL,16250.00,1000.00,1000.00,GBP
TF_DMU023_02_EU,C_DMU023_02,UK023,2026,EU,9250.00,0.00,0.00,GBP
TF_DMU023_03_INTL,C_DMU023_03,UK023,2026,INTL,15750.00,1000.00,1000.00,GBP
TF_DMU023_03_EU,C_DMU023_03,UK023,2026,EU,9250.00,0.00,0.00,GBP
TF_EHU024_01_INTL,C_EHU024_01,UK024,2026,INTL,16500.00,1000.00,1000.00,GBP
TF_EHU024_01_EU,C_EHU024_01,UK024,2026,EU,9250.00,0.00,0.00,GBP
TF_EHU024_02_INTL,C_EHU024_02,UK024,2026,INTL,16500.00,1000.00,1000.00,GBP
TF_EHU024_02_EU,C_EHU024_02,UK024,2026,EU,9250.00,0.00,0.00,GBP
TF_ENU025_01_INTL,C_ENU025_01,UK025,2026,INTL,17800.00,1000.00,1000.00,GBP
TF_ENU025_01_EU,C_ENU025_01,UK025,2026,EU,9250.00,0.00,0.00,GBP
TF_ENU025_02_INTL,C_ENU025_02,UK025,2026,INTL,18500.00,1000.00,1000.00,GBP
TF_ENU025_02_EU,C_ENU025_02,UK025,2026,EU,9250.00,0.00,0.00,GBP
TF_ENU025_03_INTL,C_ENU025_03,UK025,2026,INTL,17800.00,1000.00,1000.00,GBP
TF_ENU025_03_EU,C_ENU025_03,UK025,2026,EU,9250.00,0.00,0.00,GBP
TF_FAL026_01_INTL,C_FAL026_01,UK026,2026,INTL,17950.00,1000.00,1000.00,GBP
TF_FAL026_01_EU,C_FAL026_01,UK026,2026,EU,9250.00,0.00,0.00,GBP
TF_GCU027_01_INTL,C_GCU027_01,UK027,2026,INTL,15500.00,1000.00,1000.00,GBP
TF_GCU027_01_EU,C_GCU027_01,UK027,2026,EU,9250.00,0.00,0.00,GBP
TF_HAU029_01_INTL,C_HAU029_01,UK029,2026,INTL,16800.00,1000.00,1000.00,GBP
TF_HAU029_01_EU,C_HAU029_01,UK029,2026,EU,9250.00,0.00,0.00,GBP
TF_HAR030_01_INTL,C_HAR030_01,UK030,2026,INTL,16000.00,1000.00,1000.00,GBP
TF_HAR030_01_EU,C_HAR030_01,UK030,2026,EU,9250.00,0.00,0.00,GBP
TF_HSU031_01_INTL,C_HSU031_01,UK031,2026,INTL,15500.00,1000.00,1000.00,GBP
TF_HSU031_01_EU,C_HSU031_01,UK031,2026,EU,9250.00,0.00,0.00,GBP
TF_HWU032_01_INTL,C_HWU032_01,UK032,2026,INTL,17000.00,1000.00,1000.00,GBP
TF_HWU032_01_EU,C_HWU032_01,UK032,2026,EU,9250.00,0.00,0.00,GBP
TF_KEE033_01_INTL,C_KEE033_01,UK033,2026,INTL,16500.00,1000.00,1000.00,GBP
TF_KEE033_01_EU,C_KEE033_01,UK033,2026,EU,9250.00,0.00,0.00,GBP
TF_KIN035_01_INTL,C_KIN035_01,UK035,2026,INTL,17200.00,2000.00,1000.00,GBP
TF_KIN035_01_EU,C_KIN035_01,UK035,2026,EU,9250.00,0.00,0.00,GBP
TF_KIN035_02_INTL,C_KIN035_02,UK035,2026,INTL,18100.00,2000.00,1000.00,GBP
TF_KIN035_02_EU,C_KIN035_02,UK035,2026,EU,9250.00,0.00,0.00,GBP
TF_LBU038_01_INTL,C_LBU038_01,UK038,2026,INTL,16000.00,1000.00,1000.00,GBP
TF_LBU038_01_EU,C_LBU038_01,UK038,2026,EU,9250.00,0.00,0.00,GBP
TF_LBU038_02_INTL,C_LBU038_02,UK038,2026,INTL,16000.00,1000.00,1000.00,GBP
TF_LBU038_02_EU,C_LBU038_02,UK038,2026,EU,9250.00,0.00,0.00,GBP
TF_LTU039_01_INTL,C_LTU039_01,UK039,2026,INTL,15500.00,1000.00,1000.00,GBP
TF_LTU039_01_EU,C_LTU039_01,UK039,2026,EU,9250.00,0.00,0.00,GBP
TF_BGU040_01_INTL,C_BGU040_01,UK040,2026,INTL,15000.00,1000.00,1000.00,GBP
TF_BGU040_01_EU,C_BGU040_01,UK040,2026,EU,9250.00,0.00,0.00,GBP
TF_LHU041_01_INTL,C_LHU041_01,UK041,2026,INTL,15500.00,1000.00,1000.00,GBP
TF_LHU041_01_EU,C_LHU041_01,UK041,2026,EU,9250.00,0.00,0.00,GBP
TF_LJM042_01_INTL,C_LJM042_01,UK042,2026,INTL,17100.00,1500.00,1000.00,GBP
TF_LJM042_01_EU,C_LJM042_01,UK042,2026,EU,9250.00,0.00,0.00,GBP
TF_LJM042_02_INTL,C_LJM042_02,UK042,2026,INTL,18200.00,1500.00,1000.00,GBP
TF_LJM042_02_EU,C_LJM042_02,UK042,2026,EU,9250.00,0.00,0.00,GBP
TF_LJM042_03_INTL,C_LJM042_03,UK042,2026,INTL,17100.00,1500.00,1000.00,GBP
TF_LJM042_03_EU,C_LJM042_03,UK042,2026,EU,9250.00,0.00,0.00,GBP
TF_LMU045_01_INTL,C_LMU045_01,UK045,2026,INTL,16500.00,1000.00,1000.00,GBP
TF_LMU045_01_EU,C_LMU045_01,UK045,2026,EU,9250.00,0.00,0.00,GBP
TF_LSB046_01_INTL,C_LSB046_01,UK046,2026,INTL,15900.00,1500.00,1000.00,GBP
TF_LSB046_01_EU,C_LSB046_01,UK046,2026,EU,9250.00,0.00,0.00,GBP
TF_LSB046_02_INTL,C_LSB046_02,UK046,2026,INTL,15900.00,1500.00,1000.00,GBP
TF_LSB046_02_EU,C_LSB046_02,UK046,2026,EU,9250.00,0.00,0.00,GBP
TF_MMU047_01_INTL,C_MMU047_01,UK047,2026,INTL,18500.00,2000.00,2000.00,GBP
TF_MMU047_01_EU,C_MMU047_01,UK047,2026,EU,9250.00,0.00,0.00,GBP
TF_MDX048_01_INTL,C_MDX048_01,UK048,2026,INTL,16600.00,1000.00,1000.00,GBP
TF_MDX048_01_EU,C_MDX048_01,UK048,2026,EU,9250.00,0.00,0.00,GBP
TF_MDX048_02_INTL,C_MDX048_02,UK048,2026,INTL,17300.00,1000.00,1000.00,GBP
TF_MDX048_02_EU,C_MDX048_02,UK048,2026,EU,9250.00,0.00,0.00,GBP
TF_NEU050_01_INTL,C_NEU050_01,UK050,2026,INTL,16500.00,2000.00,1000.00,GBP
TF_NEU050_01_EU,C_NEU050_01,UK050,2026,EU,9250.00,0.00,0.00,GBP
TF_NUA051_01_INTL,C_NUA051_01,UK051,2026,INTL,17000.00,1000.00,1000.00,GBP
TF_NUA051_01_EU,C_NUA051_01,UK051,2026,EU,9250.00,0.00,0.00,GBP
TF_NUA051_02_INTL,C_NUA051_02,UK051,2026,INTL,17000.00,1000.00,1000.00,GBP
TF_NUA051_02_EU,C_NUA051_02,UK051,2026,EU,9250.00,0.00,0.00,GBP
TF_NTU052_01_INTL,C_NTU052_01,UK052,2026,INTL,17100.00,1000.00,2000.00,GBP
TF_NTU052_01_EU,C_NTU052_01,UK052,2026,EU,9250.00,0.00,0.00,GBP
TF_NTU052_02_INTL,C_NTU052_02,UK052,2026,INTL,17100.00,1000.00,2000.00,GBP
TF_NTU052_02_EU,C_NTU052_02,UK052,2026,EU,9250.00,0.00,0.00,GBP
TF_NTU052_03_INTL,C_NTU052_03,UK052,2026,INTL,17100.00,1000.00,2000.00,GBP
TF_NTU052_03_EU,C_NTU052_03,UK052,2026,EU,9250.00,0.00,0.00,GBP
TF_OXB053_01_INTL,C_OXB053_01,UK053,2026,INTL,16800.00,2000.00,1000.00,GBP
TF_OXB053_01_EU,C_OXB053_01,UK053,2026,EU,9250.00,0.00,0.00,GBP
TF_OXB053_02_INTL,C_OXB053_02,UK053,2026,INTL,16800.00,2000.00,1000.00,GBP
TF_OXB053_02_EU,C_OXB053_02,UK053,2026,EU,9250.00,0.00,0.00,GBP
TF_QMU054_01_INTL,C_QMU054_01,UK054,2026,INTL,15500.00,1000.00,1000.00,GBP
TF_QMU054_01_EU,C_QMU054_01,UK054,2026,EU,9250.00,0.00,0.00,GBP
TF_RAV057_01_INTL,C_RAV057_01,UK057,2026,INTL,16500.00,1500.00,1000.00,GBP
TF_RAV057_01_EU,C_RAV057_01,UK057,2026,EU,9250.00,0.00,0.00,GBP
TF_RAV057_02_INTL,C_RAV057_02,UK057,2026,INTL,16500.00,1500.00,1000.00,GBP
TF_RAV057_02_EU,C_RAV057_02,UK057,2026,EU,9250.00,0.00,0.00,GBP
TF_ROE059_01_INTL,C_ROE059_01,UK059,2026,INTL,15750.00,1000.00,1000.00,GBP
TF_ROE059_01_EU,C_ROE059_01,UK059,2026,EU,9250.00,0.00,0.00,GBP
TF_RAU060_01_INTL,C_RAU060_01,UK060,2026,INTL,16500.00,1000.00,1000.00,GBP
TF_RAU060_01_EU,C_RAU060_01,UK060,2026,EU,9250.00,0.00,0.00,GBP
TF_SHU062_01_INTL,C_SHU062_01,UK062,2026,INTL,16800.00,1000.00,1000.00,GBP
TF_SHU062_01_EU,C_SHU062_01,UK062,2026,EU,9250.00,0.00,0.00,GBP
TF_SHU062_02_INTL,C_SHU062_02,UK062,2026,INTL,16800.00,1000.00,1000.00,GBP
TF_SHU062_02_EU,C_SHU062_02,UK062,2026,EU,9250.00,0.00,0.00,GBP
TF_SHU062_03_INTL,C_SHU062_03,UK062,2026,INTL,16800.00,1000.00,1000.00,GBP
TF_SHU062_03_EU,C_SHU062_03,UK062,2026,EU,9250.00,0.00,0.00,GBP
TF_SOL064_01_INTL,C_SOL064_01,UK064,2026,INTL,16500.00,1000.00,1000.00,GBP
TF_SOL064_01_EU,C_SOL064_01,UK064,2026,EU,9250.00,0.00,0.00,GBP
TF_SOL064_02_INTL,C_SOL064_02,UK064,2026,INTL,16500.00,1000.00,1000.00,GBP
TF_SOL064_02_EU,C_SOL064_02,UK064,2026,EU,9250.00,0.00,0.00,GBP
TF_SMU066_01_INTL,C_SMU066_01,UK066,2026,INTL,15900.00,1000.00,1000.00,GBP
TF_SMU066_01_EU,C_SMU066_01,UK066,2026,EU,9250.00,0.00,0.00,GBP
TF_TEE069_01_INTL,C_TEE069_01,UK069,2026,INTL,16000.00,1500.00,1000.00,GBP
TF_TEE069_01_EU,C_TEE069_01,UK069,2026,EU,9250.00,0.00,0.00,GBP
TF_TEE069_02_INTL,C_TEE069_02,UK069,2026,INTL,16000.00,1500.00,1000.00,GBP
TF_TEE069_02_EU,C_TEE069_02,UK069,2026,EU,9250.00,0.00,0.00,GBP
TF_RGU070_01_INTL,C_RGU070_01,UK070,2026,INTL,16200.00,1000.00,1000.00,GBP
TF_RGU070_01_EU,C_RGU070_01,UK070,2026,EU,9250.00,0.00,0.00,GBP
TF_RGU070_02_INTL,C_RGU070_02,UK070,2026,INTL,17500.00,1000.00,1000.00,GBP
TF_RGU070_02_EU,C_RGU070_02,UK070,2026,EU,9250.00,0.00,0.00,GBP
TF_BUC071_01_INTL,C_BUC071_01,UK071,2026,INTL,19500.00,2000.00,2000.00,GBP
TF_BUC071_01_EU,C_BUC071_01,UK071,2026,EU,13500.00,0.00,0.00,GBP
TF_LAW072_01_INTL,C_LAW072_01,UK072,2026,INTL,15500.00,1000.00,500.00,GBP
TF_LAW072_01_EU,C_LAW072_01,UK072,2026,EU,9250.00,0.00,0.00,GBP
TF_UON073_01_INTL,C_UON073_01,UK073,2026,INTL,15750.00,1000.00,1000.00,GBP
TF_UON073_01_EU,C_UON073_01,UK073,2026,EU,9250.00,0.00,0.00,GBP
TF_UON073_02_INTL,C_UON073_02,UK073,2026,INTL,16250.00,1000.00,1000.00,GBP
TF_UON073_02_EU,C_UON073_02,UK073,2026,EU,9250.00,0.00,0.00,GBP
TF_UON073_03_INTL,C_UON073_03,UK073,2026,INTL,15750.00,1000.00,1000.00,GBP
TF_UON073_03_EU,C_UON073_03,UK073,2026,EU,9250.00,0.00,0.00,GBP
TF_SAL074_01_INTL,C_SAL074_01,UK074,2026,INTL,16500.00,1500.00,1000.00,GBP
TF_SAL074_01_EU,C_SAL074_01,UK074,2026,EU,9250.00,0.00,0.00,GBP
TF_SAL074_02_INTL,C_SAL074_02,UK074,2026,INTL,17800.00,1500.00,1000.00,GBP
TF_SAL074_02_EU,C_SAL074_02,UK074,2026,EU,9250.00,0.00,0.00,GBP
TF_SAL074_03_INTL,C_SAL074_03,UK074,2026,INTL,16500.00,1500.00,1000.00,GBP
TF_SAL074_03_EU,C_SAL074_03,UK074,2026,EU,9250.00,0.00,0.00,GBP
TF_UWL076_01_INTL,C_UWL076_01,UK076,2026,INTL,15500.00,1000.00,1000.00,GBP
TF_UWL076_01_EU,C_UWL076_01,UK076,2026,EU,9250.00,0.00,0.00,GBP
TF_UWL076_02_INTL,C_UWL076_02,UK076,2026,INTL,15500.00,1000.00,1000.00,GBP
TF_UWL076_02_EU,C_UWL076_02,UK076,2026,EU,9250.00,0.00,0.00,GBP
TF_WIN077_01_INTL,C_WIN077_01,UK077,2026,INTL,15900.00,1000.00,1000.00,GBP
TF_WIN077_01_EU,C_WIN077_01,UK077,2026,EU,9250.00,0.00,0.00,GBP
TF_WOR078_01_INTL,C_WOR078_01,UK078,2026,INTL,16000.00,1000.00,1000.00,GBP
TF_WOR078_01_EU,C_WOR078_01,UK078,2026,EU,9250.00,0.00,0.00,GBP
TF_UCB079_01_INTL,C_UCB079_01,UK079,2026,INTL,14500.00,1000.00,500.00,GBP
TF_UCB079_01_EU,C_UCB079_01,UK079,2026,EU,9250.00,0.00,0.00,GBP
TF_UCB079_02_INTL,C_UCB079_02,UK079,2026,INTL,14500.00,1000.00,500.00,GBP
TF_UCB079_02_EU,C_UCB079_02,UK079,2026,EU,9250.00,0.00,0.00,GBP
TF_UCB079_03_INTL,C_UCB079_03,UK079,2026,INTL,14500.00,1000.00,500.00,GBP
TF_UCB079_03_EU,C_UCB079_03,UK079,2026,EU,9250.00,0.00,0.00,GBP
TF_UCA081_01_INTL,C_UCA081_01,UK081,2026,INTL,17500.00,1000.00,1000.00,GBP
TF_UCA081_01_EU,C_UCA081_01,UK081,2026,EU,9250.00,0.00,0.00,GBP
TF_UCA081_02_INTL,C_UCA081_02,UK081,2026,INTL,16900.00,1000.00,1000.00,GBP
TF_UCA081_02_EU,C_UCA081_02,UK081,2026,EU,9250.00,0.00,0.00,GBP
TF_BED084_01_INTL,C_BED084_01,UK084,2026,INTL,15500.00,1000.00,500.00,GBP
TF_BED084_01_EU,C_BED084_01,UK084,2026,EU,9250.00,0.00,0.00,GBP
TF_BED084_02_INTL,C_BED084_02,UK084,2026,INTL,15500.00,1000.00,500.00,GBP
TF_BED084_02_EU,C_BED084_02,UK084,2026,EU,9250.00,0.00,0.00,GBP
TF_BRA086_01_INTL,C_BRA086_01,UK086,2026,INTL,17200.00,2000.00,1000.00,GBP
TF_BRA086_01_EU,C_BRA086_01,UK086,2026,EU,9250.00,0.00,0.00,GBP
TF_BRI088_01_INTL,C_BRI088_01,UK088,2026,INTL,16500.00,1000.00,1000.00,GBP
TF_BRI088_01_EU,C_BRI088_01,UK088,2026,EU,9250.00,0.00,0.00,GBP
TF_CHE091_01_INTL,C_CHE091_01,UK091,2026,INTL,15500.00,1000.00,1000.00,GBP
TF_CHE091_01_EU,C_CHE091_01,UK091,2026,EU,9250.00,0.00,0.00,GBP
TF_CHI093_01_INTL,C_CHI093_01,UK093,2026,INTL,15500.00,1000.00,1000.00,GBP
TF_CHI093_01_EU,C_CHI093_01,UK093,2026,EU,9250.00,0.00,0.00,GBP
TF_CUM094_01_INTL,C_CUM094_01,UK094,2026,INTL,15500.00,1000.00,1000.00,GBP
TF_CUM094_01_EU,C_CUM094_01,UK094,2026,EU,9250.00,0.00,0.00,GBP
TF_CUM094_02_INTL,C_CUM094_02,UK094,2026,INTL,15500.00,1000.00,1000.00,GBP
TF_CUM094_02_EU,C_CUM094_02,UK094,2026,EU,9250.00,0.00,0.00,GBP
TF_DER095_01_INTL,C_DER095_01,UK095,2026,INTL,16000.00,1000.00,1000.00,GBP
TF_DER095_01_EU,C_DER095_01,UK095,2026,EU,9250.00,0.00,0.00,GBP
TF_DER095_02_INTL,C_DER095_02,UK095,2026,INTL,16000.00,1000.00,1000.00,GBP
TF_DER095_02_EU,C_DER095_02,UK095,2026,EU,9250.00,0.00,0.00,GBP
TF_UEL099_01_INTL,C_UEL099_01,UK099,2026,INTL,15500.00,1000.00,1000.00,GBP
TF_UEL099_01_EU,C_UEL099_01,UK099,2026,EU,9250.00,0.00,0.00,GBP
TF_UEL099_02_INTL,C_UEL099_02,UK099,2026,INTL,16000.00,1000.00,1000.00,GBP
TF_UEL099_02_EU,C_UEL099_02,UK099,2026,EU,9250.00,0.00,0.00,GBP
TF_EXE101_01_INTL,C_EXE101_01,UK101,2026,INTL,18500.00,2000.00,1000.00,GBP
TF_EXE101_01_EU,C_EXE101_01,UK101,2026,EU,9250.00,0.00,0.00,GBP
TF_UOG104_01_INTL,C_UOG104_01,UK104,2026,INTL,16000.00,1000.00,1000.00,GBP
TF_UOG104_01_EU,C_UOG104_01,UK104,2026,EU,9250.00,0.00,0.00,GBP
TF_UOG104_02_INTL,C_UOG104_02,UK104,2026,INTL,16000.00,1000.00,1000.00,GBP
TF_UOG104_02_EU,C_UOG104_02,UK104,2026,EU,9250.00,0.00,0.00,GBP
TF_UOG104_03_INTL,C_UOG104_03,UK104,2026,INTL,16000.00,1000.00,1000.00,GBP
TF_UOG104_03_EU,C_UOG104_03,UK104,2026,EU,9250.00,0.00,0.00,GBP
TF_UGM105_01_INTL,C_UGM105_01,UK105,2026,INTL,13500.00,1000.00,500.00,GBP
TF_UGM105_01_EU,C_UGM105_01,UK105,2026,EU,9250.00,0.00,0.00,GBP
TF_GRE106_01_INTL,C_GRE106_01,UK106,2026,INTL,17000.00,1500.00,1000.00,GBP
TF_GRE106_01_EU,C_GRE106_01,UK106,2026,EU,9250.00,0.00,0.00,GBP
TF_GRE106_02_INTL,C_GRE106_02,UK106,2026,INTL,17000.00,1500.00,1000.00,GBP
TF_GRE106_02_EU,C_GRE106_02,UK106,2026,EU,9250.00,0.00,0.00,GBP
TF_HER107_01_INTL,C_HER107_01,UK107,2026,INTL,15500.00,1000.00,1000.00,GBP
TF_HER107_01_EU,C_HER107_01,UK107,2026,EU,9250.00,0.00,0.00,GBP
TF_HER107_02_INTL,C_HER107_02,UK107,2026,INTL,16250.00,1000.00,1000.00,GBP
TF_HER107_02_EU,C_HER107_02,UK107,2026,EU,9250.00,0.00,0.00,GBP
TF_HUD108_01_INTL,C_HUD108_01,UK108,2026,INTL,16500.00,2000.00,1000.00,GBP
TF_HUD108_01_EU,C_HUD108_01,UK108,2026,EU,9250.00,0.00,0.00,GBP
TF_HUL109_01_INTL,C_HUL109_01,UK109,2026,INTL,16000.00,1000.00,1000.00,GBP
TF_HUL109_01_EU,C_HUL109_01,UK109,2026,EU,9250.00,0.00,0.00,GBP
TF_UCL111_01_INTL,C_UCL111_01,UK111,2026,INTL,16500.00,1000.00,1000.00,GBP
TF_UCL111_01_EU,C_UCL111_01,UK111,2026,EU,9250.00,0.00,0.00,GBP
TF_UCL111_02_INTL,C_UCL111_02,UK111,2026,INTL,16500.00,1000.00,1000.00,GBP
TF_UCL111_02_EU,C_UCL111_02,UK111,2026,EU,9250.00,0.00,0.00,GBP
TF_LIN114_01_INTL,C_LIN114_01,UK114,2026,INTL,16200.00,1000.00,1000.00,GBP
TF_LIN114_01_EU,C_LIN114_01,UK114,2026,EU,9250.00,0.00,0.00,GBP
TF_NBR118_01_INTL,C_NBR118_01,UK118,2026,INTL,17500.00,2000.00,1000.00,GBP
TF_NBR118_01_EU,C_NBR118_01,UK118,2026,EU,9250.00,0.00,0.00,GBP
TF_NBR118_02_INTL,C_NBR118_02,UK118,2026,INTL,17500.00,2000.00,1000.00,GBP
TF_NBR118_02_EU,C_NBR118_02,UK118,2026,EU,9250.00,0.00,0.00,GBP
TF_NBR118_03_INTL,C_NBR118_03,UK118,2026,INTL,17500.00,2000.00,1000.00,GBP
TF_NBR118_03_EU,C_NBR118_03,UK118,2026,EU,9250.00,0.00,0.00,GBP
TF_PLY121_01_INTL,C_PLY121_01,UK121,2026,INTL,17100.00,1000.00,1000.00,GBP
TF_PLY121_01_EU,C_PLY121_01,UK121,2026,EU,9790.00,0.00,0.00,GBP
TF_POR122_01_INTL,C_POR122_01,UK122,2026,INTL,16900.00,1000.00,1000.00,GBP
TF_POR122_01_EU,C_POR122_01,UK122,2026,EU,9790.00,0.00,0.00,GBP
TF_USW124_01_INTL,C_USW124_01,UK124,2026,INTL,16800.00,1000.00,1000.00,GBP
TF_USW124_01_EU,C_USW124_01,UK124,2026,EU,9790.00,0.00,0.00,GBP
TF_USW124_02_INTL,C_USW124_02,UK124,2026,INTL,17200.00,1000.00,1000.00,GBP
TF_USW124_02_EU,C_USW124_02,UK124,2026,EU,9790.00,0.00,0.00,GBP
TF_MAR127_01_INTL,C_MAR127_01,UK127,2026,INTL,15200.00,1000.00,500.00,GBP
TF_MAR127_01_EU,C_MAR127_01,UK127,2026,EU,9790.00,0.00,0.00,GBP
TF_STA128_01_INTL,C_STA128_01,UK128,2026,INTL,17085.00,1000.00,1000.00,GBP
TF_STA128_01_EU,C_STA128_01,UK128,2026,EU,9790.00,0.00,0.00,GBP
TF_STA128_02_INTL,C_STA128_02,UK128,2026,INTL,17085.00,1000.00,1000.00,GBP
TF_STA128_02_EU,C_STA128_02,UK128,2026,EU,9790.00,0.00,0.00,GBP
TF_SUF131_01_INTL,C_SUF131_01,UK131,2026,INTL,16070.00,1000.00,1000.00,GBP
TF_SUF131_01_EU,C_SUF131_01,UK131,2026,EU,9790.00,0.00,0.00,GBP
TF_SUN132_01_INTL,C_SUN132_01,UK132,2026,INTL,17500.00,1000.00,1000.00,GBP
TF_SUN132_01_EU,C_SUN132_01,UK132,2026,EU,9790.00,0.00,0.00,GBP
TF_SUN132_02_INTL,C_SUN132_02,UK132,2026,INTL,17500.00,1000.00,1000.00,GBP
TF_SUN132_02_EU,C_SUN132_02,UK132,2026,EU,9790.00,0.00,0.00,GBP
TF_UHI136_01_INTL,C_UHI136_01,UK136,2026,INTL,15870.00,1000.00,500.00,GBP
TF_UHI136_01_EU,C_UHI136_01,UK136,2026,EU,9790.00,0.00,0.00,GBP
TF_UWE137_01_INTL,C_UWE137_01,UK137,2026,INTL,17000.00,1000.00,1000.00,GBP
TF_UWE137_01_EU,C_UWE137_01,UK137,2026,EU,9790.00,0.00,0.00,GBP
TF_UWS138_01_INTL,C_UWS138_01,UK138,2026,INTL,16275.00,1000.00,1000.00,GBP
TF_UWS138_01_EU,C_UWS138_01,UK138,2026,EU,9790.00,0.00,0.00,GBP
TF_UWS138_02_INTL,C_UWS138_02,UK138,2026,INTL,18900.00,1000.00,1000.00,GBP
TF_UWS138_02_EU,C_UWS138_02,UK138,2026,EU,9790.00,0.00,0.00,GBP
TF_ULS139_01_INTL,C_ULS139_01,UK139,2026,INTL,16320.00,2000.00,1000.00,GBP
TF_ULS139_01_EU,C_ULS139_01,UK139,2026,EU,4905.00,0.00,0.00,GBP
TF_WTS140_01_INTL,C_WTS140_01,UK140,2026,INTL,15525.00,1000.00,1000.00,GBP
TF_WTS140_01_EU,C_WTS140_01,UK140,2026,EU,9790.00,0.00,0.00,GBP
TF_WES142_01_INTL,C_WES142_01,UK142,2026,INTL,16500.00,1000.00,1000.00,GBP
TF_WES142_01_EU,C_WES142_01,UK142,2026,EU,9790.00,0.00,0.00,GBP
TF_WOL143_01_INTL,C_WOL143_01,UK143,2026,INTL,15500.00,1000.00,1000.00,GBP
TF_WOL143_01_EU,C_WOL143_01,UK143,2026,EU,9790.00,0.00,0.00,GBP
TF_WRE145_01_INTL,C_WRE145_01,UK145,2026,INTL,11750.00,1000.00,500.00,GBP
TF_WRE145_01_EU,C_WRE145_01,UK145,2026,EU,9790.00,0.00,0.00,GBP
TF_YSJ146_01_INTL,C_YSJ146_01,UK146,2026,INTL,15000.00,1000.00,1000.00,GBP
TF_YSJ146_01_EU,C_YSJ146_01,UK146,2026,EU,9790.00,0.00,0.00,GBP
TF_BED084_09_INTL,C_BED084_09,UK084,2026,INTL,16800.00,1000.00,1000.00,GBP
TF_BED084_09_EU,C_BED084_09,UK084,2026,EU,9790.00,0.00,0.00,GBP
TF_HUD108_09_INTL,C_HUD108_09,UK108,2026,INTL,19800.00,1000.00,1000.00,GBP
TF_HUD108_09_EU,C_HUD108_09,UK108,2026,EU,9790.00,0.00,0.00,GBP
TF_DER095_09_INTL,C_DER095_09,UK095,2026,INTL,5430.00,500.00,500.00,GBP
TF_DER095_09_EU,C_DER095_09,UK095,2026,EU,5430.00,0.00,0.00,GBP
TF_BCU012_09_INTL,C_BCU012_09,UK012,2026,INTL,18570.00,1000.00,1000.00,GBP
TF_BCU012_09_EU,C_BCU012_09,UK012,2026,EU,9790.00,0.00,0.00,GBP
TF_MDX048_09_INTL,C_MDX048_09,UK048,2026,INTL,16600.00,1000.00,1000.00,GBP
TF_MDX048_09_EU,C_MDX048_09,UK048,2026,EU,9790.00,0.00,0.00,GBP
TF_GRE106_09_INTL,C_GRE106_09,UK106,2026,INTL,17000.00,1000.00,1000.00,GBP
TF_GRE106_09_EU,C_GRE106_09,UK106,2026,EU,9790.00,0.00,0.00,GBP
TF_PLY121_09_INTL,C_PLY121_09,UK121,2026,INTL,17500.00,1000.00,1000.00,GBP
TF_PLY121_09_EU,C_PLY121_09,UK121,2026,EU,9790.00,0.00,0.00,GBP